Sample,EIMMagnitude,EIMPhase,JointAngle,Mass,Time
1,110.185,6.94335,0,0,1699875690
1,110.185,6.94335,0,0,1699875690
1,110.185,6.94335,0,0,1699875690
1,91.5031,12.3353,0,0,1699875690
1,78.9231,10.3644,0,0,1699875690
1,81.2512,1.58973,0,0,1699875690
1,126.344,2.72358,0,0,1699875690
1,102.333,7.09694,0,0,1699875690
1,86.6109,14.3623,0,0,1699875690
1,121.714,11.5993,0,0,1699875690
1,94.1485,18.6734,0,0,1699875690
1,95.1714,3.36161,0,0,1699875690
1,103.764,20.0601,0,0,1699875690
1,89.948,12.8539,0,0,1699875690
1,83.2219,3.45316,0,0,1699875690
1,82.8979,8.23551,0,0,1699875690
1,91.4915,2.54913,0,0,1699875690
1,96.4164,19.7879,0,0,1699875690
1,76.0725,6.35892,0,0,1699875690
1,85.9679,4.86491,0,0,1699875690
1,77.5163,6.15626,0,0,1699875690
1,85.7402,19.989,0,0,1699875690
1,91.4497,12.4775,0,0,1699875690
1,90.3214,6.53511,0,0,1699875690
1,87.9176,4.11592,0,0,1699875690
1,95.8314,2.20747,0,0,1699875690
1,89.1071,1.68353,0,0,1699875690
1,87.7369,7.93924,0,0,1699875690
1,83.9377,19.8841,0,0,1699875690
1,90.2559,38.5946,0,0,1699875690
1,85.9424,4.7376,0,0,1699875690
1,99.896,11.9197,0,0,1699875690
1,84.1645,10.528,0,0,1699875690
1,75.5397,9.05833,0,0,1699875690
1,105.495,4.14765,0,0,1699875690
1,81.6108,10.7969,0,0,1699875690
1,69.902,2.24805,0,0,1699875690
1,123.845,11.3502,0,0,1699875690
1,101.848,16.3614,0,0,1699875690
1,75.4138,5.05736,0,0,1699875690
1,85.322,4.74208,0,0,1699875690
1,45.9123,2.02852,0,0,1699875690
1,94.4803,9.82545,0,0,1699875690
1,87.0091,16.5844,0,0,1699875690
1,67.7612,6.57529,0,0,1699875690
1,103.56,2.25424,0,0,1699875690
1,78.9865,4.34764,0,0,1699875690
1,95.0943,2.61235,0,0,1699875690
1,94.2972,8.8731,0,0,1699875690
1,80.8694,0.958607,0,0,1699875690
1,67.3486,13.5492,0,0,1699875690
1,90.8996,2.91527,0,0,1699875690
1,108.622,3.13548,0,0,1699875690
1,91.0797,2.13757,0,0,1699875690
1,61.7876,0.902633,0,0,1699875690
1,84.3975,2.9655,0,0,1699875690
1,90.9831,7.00138,0,0,1699875690
1,88.6979,24.6913,0,0,1699875690
1,79.8863,14.6316,0,0,1699875690
1,83.0352,15.7649,0,0,1699875690
1,95.4816,6.0266,0,0,1699875690
1,61.6543,11.7418,0,0,1699875690
1,101.968,11.0528,0,0,1699875690
1,50.8321,0.569335,0,0,1699875690
1,82.8489,22.8185,0,0,1699875690
1,92.0342,4.35387,0,0,1699875690
1,84.6922,15.3501,0,0,1699875690
1,59.233,25.7156,0,0,1699875690
1,93.0793,19.9203,0,0,1699875690
1,87.2992,21.9414,0,0,1699875690
1,91.1645,30.9922,0,0,1699875690
1,96.1955,11.6517,0,0,1699875690
1,93.0499,30.654,0,0,1699875690
1,81.7538,3.26701,0,0,1699875690
1,56.5517,6.804,0,0,1699875690
1,97.1804,8.0074,0,0,1699875690
1,73.2805,5.1323,0,0,1699875690
1,103.963,10.4311,0,0,1699875690
1,105.193,4.80482,0,0,1699875690
1,79.8441,18.2754,0,0,1699875690
1,81.9104,2.5336,0,0,1699875690
1,103.48,17.7409,0,0,1699875690
1,89.9007,1.26609,0,0,1699875690
1,73.2614,1.54335,0,0,1699875690
1,89.9581,6.62364,0,0,1699875690
1,88.079,6.56855,0,0,1699875690
1,78.7164,2.41023,0,0,1699875690
1,99.565,0.798326,0,0,1699875690
1,93.8757,10.9925,0,0,1699875690
1,62.0136,7.61098,0,0,1699875690
1,80.3342,2.66395,0,0,1699875690
1,87.1305,5.22355,0,0,1699875690
1,66.5512,12.7723,0,0,1699875690
1,76.1998,13.0838,0,0,1699875690
1,78.3668,13.3361,0,0,1699875690
1,52.1039,12.8596,0,0,1699875690
1,72.1467,18.4976,0,0,1699875690
1,64.8545,26.3002,0,0,1699875690
1,97.8579,1.62224,0,0,1699875690
1,110.865,30.5775,0,0,1699875690
1,76.2865,30.4237,0,0,1699875690
1,79.5792,12.6518,0,0,1699875690
1,68.5112,1.50163,0,0,1699875690
1,134.783,24.0045,0,0,1699875690
1,59.9515,8.73282,0,0,1699875690
1,49.0226,37.5974,0,0,1699875690
1,94.8824,7.46692,0,0,1699875690
1,52.2568,17.9779,0,0,1699875690
1,85.7815,0.510537,0,0,1699875690
1,77.5579,27.7426,0,0,1699875690
1,98.7787,8.69764,0,0,1699875690
1,111.495,6.73425,0,0,1699875690
1,84.6657,8.14907,0,0,1699875690
1,67.159,15.0659,0,0,1699875690
1,79.9335,3.56947,0,0,1699875690
1,78.7471,2.59684,0,0,1699875690
1,86.8082,37.047,0,0,1699875690
1,83.2934,0.711086,0,0,1699875690
1,110.071,0.656557,0,0,1699875690
1,80.2816,3.1152,0,0,1699875690
1,72.7878,7.18106,0,0,1699875690
1,92.2342,18.0509,0,0,1699875690
1,89.7666,13.7529,0,0,1699875690
1,81.6812,0.504797,0,0,1699875690
1,73.145,0.428553,0,0,1699875690
1,98.9692,9.42616,0,0,1699875690
1,101.605,24.1337,0,0,1699875690
1,86.1312,16.0587,0,0,1699875690
1,88.2563,3.65895,0,0,1699875690
1,138.254,0.953547,0,0,1699875690
1,112.078,3.6174,0,0,1699875690
1,84.9259,5.58506,0,0,1699875690
1,96.2693,4.62657,0,0,1699875690
1,83.4135,8.7431,0,0,1699875690
1,106.45,18.8888,0,0,1699875690
1,97.5268,11.0924,0,0,1699875690
1,66.8945,10.5706,0,0,1699875690
1,71.6472,5.72128,0,0,1699875690
1,98.1315,4.45876,0,0,1699875690
1,80.1005,2.0859,0,0,1699875690
1,75.722,16.2071,0,0,1699875690
1,85.8453,1.72522,0,0,1699875690
1,84.9388,2.57793,0,0,1699875690
1,81.2431,17.0875,0,0,1699875690
1,89.744,9.76036,0,0,1699875690
1,83.2711,2.41231,0,0,1699875690
1,81.0964,0.874171,0,0,1699875690
1,87.0827,9.95974,0,0,1699875690
1,93.4421,0.820187,0,0,1699875690
1,83.9632,9.34697,0,0,1699875690
1,92.4053,3.76978,0,0,1699875690
1,82.7396,31.3779,0,0,1699875690
1,81.6518,2.90432,0,0,1699875690
1,79.8449,5.10811,0,0,1699875690
1,71.5578,5.27447,0,0,1699875690
1,78.321,0.383981,0,0,1699875690
1,105.213,17.2342,0,0,1699875690
1,89.8192,4.0083,0,0,1699875690
1,107.199,12.7567,0,0,1699875690
1,67.7387,20.1896,0,0,1699875690
1,68.5353,9.32848,0,0,1699875690
1,78.4321,23.4238,0,0,1699875690
1,103.417,10.7288,0,0,1699875690
1,95.9442,6.89918,0,0,1699875690
1,85.8071,5.77696,0,0,1699875690
1,118.003,2.32591,0,0,1699875690
1,97.704,2.02016,0,0,1699875690
1,85.961,12.0971,0,0,1699875690
1,70.71,14.9741,0,0,1699875690
1,131.616,5.14368,0,0,1699875690
1,89.4503,8.05611,0,0,1699875690
1,110.95,21.1816,0,0,1699875690
1,74.3615,32.7733,0,0,1699875690
1,67.2134,29.9238,0,0,1699875690
1,61.0398,30.2607,0,0,1699875690
1,25.3639,7.15668,0,0,1699875690
1,63.9448,18.783,0,0,1699875690
1,62.7817,25.1096,0,0,1699875690
1,96.2618,4.52922,0,0,1699875690
1,95.1404,7.0658,0,0,1699875690
1,99.7757,1.67822,0,0,1699875690
1,65.1289,0.974892,0,0,1699875690
1,101.429,11.136,0,0,1699875690
1,93.0072,5.5246,0,0,1699875690
1,80.0298,2.4527,0,0,1699875690
1,102.794,22.9424,0,0,1699875690
1,94.7235,51.25,0,0,1699875690
1,71.4446,8.89884,0,0,1699875690
1,79.3565,54.9822,0,0,1699875690
1,74.5917,21.0816,0,0,1699875690
1,78.5414,1.26543,0,0,1699875690
1,79.8411,5.52511,0,0,1699875690
1,70.504,5.22525,0,0,1699875690
1,110.796,20.1931,0,0,1699875690
1,96.9337,91.1353,0,0,1699875690
1,63.8191,18.4559,0,0,1699875690
1,77.6325,16.5799,0,0,1699875690
1,52.0209,12.9718,0,0,1699875690
1,100.612,7.93373,0,0,1699875690
1,89.5976,13.3938,0,0,1699875690
1,106.35,14.4351,0,0,1699875690
1,110.033,6.70049,0,0,1699875690
1,98.9949,17.7824,0,0,1699875690
1,81.8126,21.2424,0,0,1699875690
1,78.8466,23.7041,0,0,1699875690
1,118.363,4.90208,0,0,1699875690
1,110.553,14.8963,0,0,1699875690
1,59.6312,16.5211,0,0,1699875690
1,87.9334,5.50531,0,0,1699875690
1,134.182,16.9116,0,0,1699875690
1,82.3366,2.99634,0,0,1699875690
1,87.8424,2.90127,0,0,1699875690
1,142.07,38.2952,0,0,1699875690
1,80.2032,2.40397,0,0,1699875690
1,41.5217,22.183,0,0,1699875690
1,101.734,29.3031,0,0,1699875690
1,144.67,78.776,0,0,1699875690
1,73.4391,35.7487,0,0,1699875690
1,92.5189,36.972,0,0,1699875690
1,75.6582,0.681313,0,0,1699875690
1,90.503,2.19351,0,0,1699875690
1,62.6577,9.40901,0,0,1699875690
1,83.1736,57.7552,0,0,1699875690
1,100.125,33.7441,0,0,1699875690
1,133.1,62.2777,0,0,1699875690
1,172.179,2.29778,0,0,1699875690
1,60.7121,10.0497,0,0,1699875690
1,92.129,16.4292,0,0,1699875690
1,87.6307,3.40448,0,0,1699875690
1,85.1381,17.4761,0,0,1699875690
1,79.6534,28.0402,0,0,1699875690
1,82.1976,7.44844,0,0,1699875690
1,86.0556,2.24504,0,0,1699875690
1,85.2911,32.7748,0,0,1699875690
1,88.7683,4.37425,0,0,1699875690
1,83.0729,9.70125,0,0,1699875690
1,58.3234,11.6299,0,0,1699875691
1,91.383,2.66127,0,0,1699875691
1,101.321,3.3765,0,0,1699875691
1,99.2645,6.1801,0,0,1699875691
1,70.2959,23.7632,0,0,1699875691
1,155.976,6.89948,0,0,1699875691
1,72.7079,8.68041,0,0,1699875691
1,155.497,24.3468,0,0,1699875691
1,50.4916,15.1675,0,0,1699875691
1,79.7261,28.083,0,0,1699875691
1,95.2767,10.5615,0,0,1699875691
1,53.7896,25.9936,0,0,1699875691
1,94.1733,6.51417,0,0,1699875691
1,128.529,41.0889,0,0,1699875691
1,144.37,6.88698,0,0,1699875691
1,94.1495,14.6658,0,0,1699875691
1,57.3507,66.4806,0,0,1699875691
1,124.133,19.4539,0,0,1699875691
1,52.8734,11.6838,0,0,1699875691
1,86.26,22.4141,0,0,1699875691
1,117.061,1.25748,0,0,1699875691
1,117.093,12.1322,0,0,1699875691
1,100.081,7.4285,0,0,1699875691
1,51.5961,29.0709,0,0,1699875691
1,55.2278,9.88554,0,0,1699875691
1,95.0842,21.6695,0,0,1699875691
1,93.1923,3.82104,0,0,1699875691
1,92.2507,5.66131,0,0,1699875691
1,109.981,18.0906,0,0,1699875691
1,66.7575,4.75136,0,0,1699875691
1,567.776,0.35727,0,0,1699875691
1,161.815,7.47075,0,0,1699875691
1,88.4148,4.73265,0,0,1699875691
1,88.6139,43.3244,0,0,1699875691
1,91.3832,2.08522,0,0,1699875691
1,101.274,9.14868,0,0,1699875691
1,62.7896,21.7957,0,0,1699875691
1,95.4741,27.7857,0,0,1699875691
1,66.6198,26.211,0,0,1699875691
1,76.1817,9.94991,0,0,1699875691
1,95.7839,15.3382,0,0,1699875691
1,85.8382,15.4043,0,0,1699875691
1,86.0301,9.87601,0,0,1699875691
1,123.288,6.06556,0,0,1699875691
1,80.6543,13.9235,0,0,1699875691
1,76.5574,0.74232,0,0,1699875691
1,70.8476,17.551,0,0,1699875691
1,90.8949,39.6257,0,0,1699875691
1,159.768,1.8488,0,0,1699875691
1,69.0168,7.69518,0,0,1699875691
1,78.4863,13.7787,0,0,1699875691
1,72.1257,26.5668,0,0,1699875691
1,113.433,22.7866,0,0,1699875691
1,76.3721,21.1602,0,0,1699875691
1,35.8571,34.2501,0,0,1699875691
1,32.9707,43.9837,0,0,1699875691
1,97.6642,3.30584,0,0,1699875691
1,90.0981,18.247,0,0,1699875691
1,48.5181,7.91947,0,0,1699875691
1,92.9868,19.9394,0,0,1699875691
1,77.5324,5.35915,0,0,1699875691
1,96.134,1.24363,0,0,1699875691
1,80.0072,69.3783,0,0,1699875691
1,117.881,32.219,0,0,1699875691
1,108.366,7.43123,0,0,1699875691
1,81.1807,16.5683,0,0,1699875691
1,71.2721,6.95734,0,0,1699875691
1,89.7564,3.91352,0,0,1699875691
1,69.4438,14.0268,0,0,1699875691
1,98.6075,10.475,0,0,1699875691
1,91.6208,78.3644,0,0,1699875691
1,51.5364,19.3281,0,0,1699875691
1,96.9725,6.78399,0,0,1699875691
1,76.1331,6.60648,0,0,1699875691
1,112.376,31.0053,0,0,1699875691
1,95.124,13.4791,0,0,1699875691
1,110.154,43.7075,0,0,1699875691
1,71.5336,2.15968,0,0,1699875691
1,53.0284,6.49629,0,0,1699875691
1,80.3151,29.0123,0,0,1699875691
1,86.6739,8.78367,0,0,1699875691
1,87.6624,3.42994,0,0,1699875691
1,95.8072,10.0661,0,0,1699875691
1,94.4078,15.0758,0,0,1699875691
1,72.12,13.9602,0,0,1699875691
1,74.3972,48.1272,0,0,1699875691
1,55.809,4.53894,0,0,1699875691
1,82.259,37.8818,0,0,1699875691
1,79.3165,4.36637,0,0,1699875691
1,96.6862,41.815,0,0,1699875691
1,96.3946,13.7407,0,0,1699875691
1,107.044,13.2094,0,0,1699875691
1,71.1329,2.56754,0,0,1699875691
1,63.2686,5.50617,0,0,1699875691
1,84.7751,57.1923,0,0,1699875691
1,57.4904,0.209784,0,0,1699875691
1,134.435,10.9116,0,0,1699875691
1,98.4498,41.8061,0,0,1699875691
1,102.889,10.8248,0,0,1699875691
1,78.6953,4.75163,0,0,1699875691
1,56.1718,14.1046,0,0,1699875691
1,90.4595,25.5336,0,0,1699875691
1,109.176,5.22305,0,0,1699875691
1,119.167,31.9504,0,0,1699875691
1,93.9329,1.50096,0,0,1699875691
1,69.4522,4.29806,0,0,1699875691
1,113.836,13.7848,0,0,1699875691
1,82.423,15.2011,0,0,1699875691
1,92.6273,5.35283,0,0,1699875691
1,78.076,16.7948,0,0,1699875691
1,62.3012,20.4406,0,0,1699875691
1,91.4643,0.200859,0,0,1699875691
1,84.4713,9.77936,0,0,1699875691
1,108.876,8.71846,0,0,1699875691
1,110.02,7.63504,0,0,1699875691
1,93.639,3.65803,0,0,1699875691
1,54.1974,0.449522,0,0,1699875691
1,105.551,5.78552,0,0,1699875691
1,48.2613,16.0089,0,0,1699875691
1,86.7494,29.8277,0,0,1699875691
1,126.918,3.48714,0,0,1699875691
1,132.279,4.22228,0,0,1699875691
1,86.6324,9.86744,0,0,1699875691
1,95.409,3.23805,0,0,1699875691
1,147.022,15.0529,0,0,1699875691
1,44.4918,6.49898,0,0,1699875691
1,87.7029,4.94232,0,0,1699875691
1,79.6992,37.6926,0,0,1699875691
1,106.224,12.2518,0,0,1699875691
1,94.2107,18.0778,0,0,1699875691
1,64.2322,3.89905,0,0,1699875691
1,100.343,20.3211,0,0,1699875691
1,89.2598,21.9867,0,0,1699875691
1,84.6839,51.199,0,0,1699875691
1,90.4391,18.9925,0,0,1699875691
1,76.2265,11.85,0,0,1699875691
1,91.5442,20.0548,0,0,1699875691
1,122.791,11.8213,0,0,1699875691
1,73.097,9.11008,0,0,1699875691
1,85.2571,8.4556,0,0,1699875691
1,72.4167,17.8766,0,0,1699875691
1,106.962,1.6218,0,0,1699875691
1,82.336,6.44061,0,0,1699875691
1,86.1831,4.25515,0,0,1699875691
1,62.1993,2.50841,0,0,1699875691
1,119.134,13.2047,0,0,1699875691
1,111.078,8.59178,0,0,1699875691
1,82.6458,32.6276,0,0,1699875691
1,116.557,53.5487,0,0,1699875691
1,64.0371,50.7686,0,0,1699875691
1,81.9082,6.50386,0,0,1699875691
1,94.2622,10.2714,0,0,1699875691
1,84.657,7.61728,0,0,1699875691
1,85.4851,39.2252,0,0,1699875691
1,54.1528,17.6149,0,0,1699875691
1,102.48,38.5767,0,0,1699875691
1,85.0864,4.04649,0,0,1699875691
1,97.2614,5.6388,0,0,1699875691
1,45.7416,3.03149,0,0,1699875691
1,89.0905,6.41859,0,0,1699875691
1,84.0516,7.57091,0,0,1699875691
1,86.0097,9.2566,0,0,1699875691
1,89.605,1.38109,0,0,1699875691
1,73.0747,17.4006,0,0,1699875691
1,56.0863,34.4336,0,0,1699875691
1,82.5796,14.3958,0,0,1699875691
1,61.7944,36.6136,0,0,1699875691
1,85.6277,2.73736,0,0,1699875691
1,76.3096,5.18554,0,0,1699875691
1,90.3464,10.157,0,0,1699875691
1,82.7488,5.53822,0,0,1699875691
1,112.524,26.5464,0,0,1699875691
1,71.5757,15.1748,0,0,1699875691
1,92.9976,24.1486,0,0,1699875691
1,86.2705,0.882044,0,0,1699875691
1,83.0196,17.8066,0,0,1699875691
1,96.3043,10.5245,0,0,1699875691
1,83.9355,4.27568,0,0,1699875691
1,92.8717,4.44952,0,0,1699875691
1,84.3597,25.9892,0,0,1699875691
1,106.352,13.7249,0,0,1699875691
1,57.4316,4.3098,0,0,1699875691
1,97.3927,0.707731,0,0,1699875691
1,88.9391,15.4824,0,0,1699875691
1,61.2676,20.7369,0,0,1699875691
1,76.0332,18.9262,0,0,1699875691
1,129.756,11.8252,0,0,1699875691
1,85.5216,35.3586,0,0,1699875691
1,236.288,9.21204,0,0,1699875691
1,227.127,4.62536,0,0,1699875691
1,91.3213,11.939,0,0,1699875691
1,70.3517,28.0994,0,0,1699875691
1,93.6257,17.9165,0,0,1699875691
1,75.1532,3.39469,0,0,1699875691
1,96.8767,19.922,0,0,1699875691
1,162.589,128.751,0,0,1699875691
1,88.5174,2.40597,0,0,1699875691
1,89.1091,0.64858,0,0,1699875691
1,156.599,15.564,0,0,1699875691
1,61.1138,48.8047,0,0,1699875691
1,63.9607,5.49542,0,0,1699875691
1,89.5414,53.6622,0,0,1699875691
1,98.1347,7.0338,0,0,1699875691
1,65.487,42.9092,0,0,1699875691
1,71.0989,15.7019,0,0,1699875691
1,65.3243,21.7805,0,0,1699875691
1,87.209,9.55598,0,0,1699875691
1,85.338,23.7612,0,0,1699875691
1,60.2256,15.3797,0,0,1699875691
1,74.3644,53.873,0,0,1699875691
1,102.949,2.03913,0,0,1699875691
1,231.741,1.0908,0,0,1699875691
1,73.2956,49.1416,0,0,1699875691
1,75.1113,50.337,0,0,1699875691
1,106.533,27.5583,0,0,1699875691
1,128.907,20.7228,0,0,1699875691
1,125.454,12.9608,0,0,1699875691
1,122.143,8.56375,0,0,1699875691
1,73.5306,22.871,0,0,1699875691
1,107.572,10.1706,0,0,1699875691
1,80.018,9.28654,0,0,1699875691
1,71.9313,17.5054,0,0,1699875691
1,72.5387,8.24537,0,0,1699875691
1,72.672,12.3558,0,0,1699875691
1,67.8594,0.809458,0,0,1699875691
1,67.8431,7.32691,0,0,1699875691
1,75.1693,8.94045,0,0,1699875691
1,81.8698,24.9646,0,0,1699875691
1,89.9164,24.1558,0,0,1699875691
1,60.697,12.0109,0,0,1699875691
1,71.7201,11.1292,0,0,1699875691
1,64.6787,10.4664,0,0,1699875691
1,97.4779,14.3773,0,0,1699875691
1,72.1385,2.14267,0,0,1699875691
1,91.4765,17.1994,0,0,1699875691
1,62.5485,7.18683,0,0,1699875691
1,84.1774,1.73114,0,0,1699875691
1,71.5876,3.08887,0,0,1699875691
1,49.4422,0.6248,0,0,1699875691
1,77.5354,2.84359,0,0,1699875691
1,105.594,23.7492,0,0,1699875691
1,71.5978,17.8267,0,0,1699875691
1,77.739,36.8941,0,0,1699875691
1,211.333,33.3582,0,0,1699875691
1,93.5451,3.12021,0,0,1699875691
1,93.0004,11.4387,0,0,1699875691
1,103.817,11.9138,0,0,1699875691
1,80.7312,6.78385,0,0,1699875691
1,94.7647,0.94495,0,0,1699875691
1,79.5469,9.20255,0,0,1699875691
1,97.1509,4.03795,0,0,1699875691
1,110.414,33.5887,0,0,1699875691
1,82.876,17.4885,0,0,1699875691
1,77.0644,38.5189,0,0,1699875691
1,51.3395,15.0196,0,0,1699875691
1,60.6866,6.27965,0,0,1699875691
1,52.0825,44.701,0,0,1699875691
1,90.1718,5.61104,0,0,1699875691
1,103.739,7.9058,0,0,1699875691
1,93.7605,36.8011,0,0,1699875691
1,70.7831,4.84301,0,0,1699875691
1,183.894,9.90928,0,0,1699875691
1,116.053,12.851,0,0,1699875691
1,107.342,9.67728,0,0,1699875691
1,52.1849,14.2849,0,0,1699875691
1,117.105,27.7833,0,0,1699875691
1,62.3959,20.3657,0,0,1699875691
1,93.3708,25.1385,0,0,1699875691
1,98.796,14.2072,0,0,1699875691
1,157.593,128.647,0,0,1699875691
1,73.3351,43.6776,0,0,1699875691
1,78.4471,12.9957,0,0,1699875691
1,90.7598,6.30097,0,0,1699875691
1,90.6935,11.4645,0,0,1699875691
1,81.8831,52.8588,0,0,1699875691
1,856.175,19.5789,0,0,1699875691
1,76.7435,4.3463,0,0,1699875691
1,96.3422,15.0949,0,0,1699875691
1,76.1909,0.825294,0,0,1699875691
1,83.151,12.1135,0,0,1699875691
1,83.5021,6.669,0,0,1699875691
1,76.1526,2.36429,0,0,1699875691
1,63.5769,0.023864,0,0,1699875691
1,102.562,45.1951,0,0,1699875691
1,70.3313,0.41543,0,0,1699875691
1,69.2634,21.8772,0,0,1699875691
1,90.6058,9.05807,0,0,1699875691
1,78.4926,17.6332,0,0,1699875691
1,44.2305,62.5203,0,0,1699875691
1,49.0624,9.62269,0,0,1699875691
1,105.46,5.02237,0,0,1699875691
1,86.2676,104.949,0,0,1699875691
1,106.026,15.2837,0,0,1699875691
1,26.7249,20.1557,0,0,1699875691
1,62.7708,64.5102,0,0,1699875691
1,76.2513,4.37542,0,0,1699875691
1,111.763,3.75071,0,0,1699875691
1,87.2583,26.1063,0,0,1699875691
1,201.565,13.8139,0,0,1699875691
1,80.2005,1.9297,0,0,1699875691
1,64.3982,6.88242,0,0,1699875691
1,93.3684,2.56876,0,0,1699875691
1,100.811,2.24979,0,0,1699875691
1,69.5749,47.7965,0,0,1699875691
1,90.046,2.60697,0,0,1699875691
1,97.555,47.961,0,0,1699875691
1,85.2834,28.6904,0,0,1699875691
1,85.5596,23.9468,0,0,1699875691
1,68.5273,23.2267,0,0,1699875691
1,84.2534,3.75062,0,0,1699875691
1,94.6924,7.8202,0,0,1699875691
1,94.6661,11.5735,0,0,1699875691
1,81.8496,1.90655,0,0,1699875691
1,84.153,32.3502,0,0,1699875691
1,219.433,7.66052,0,0,1699875691
1,72.8908,37.2984,0,0,1699875691
1,117.148,0.304648,0,0,1699875691
1,76.3491,0.479392,0,0,1699875691
1,165.805,75.4457,0,0,1699875691
1,77.7486,5.47388,0,0,1699875691
1,87.9219,6.01506,0,0,1699875691
1,73.7353,4.49216,0,0,1699875691
1,75.8889,15.4822,0,0,1699875691
1,42.091,4.58934,0,0,1699875691
1,67.2339,4.26839,0,0,1699875691
1,83.8102,26.3723,0,0,1699875691
1,68.1672,16.0384,0,0,1699875691
1,112.077,1.01738,0,0,1699875691
1,117.09,11.0361,0,0,1699875691
1,61.2813,13.0557,0,0,1699875691
1,68.4169,13.2241,0,0,1699875691
1,66.4604,7.04793,0,0,1699875691
1,80.1238,33.6556,0,0,1699875691
1,68.7326,3.67892,0,0,1699875691
1,94.5843,1.76607,0,0,1699875691
1,67.4281,7.54033,0,0,1699875691
1,93.7899,8.84263,0,0,1699875691
1,92.3391,1.73627,0,0,1699875691
1,112.492,1.01096,0,0,1699875691
1,82.2487,8.97318,0,0,1699875691
1,81.7004,5.35404,0,0,1699875691
1,84.7819,7.74602,0,0,1699875691
1,90.5677,18.9341,0,0,1699875691
1,93.1913,11.6736,0,0,1699875691
1,84.2311,1.94607,0,0,1699875691
1,81.1275,22.2562,0,0,1699875691
1,88.3869,1.38226,0,0,1699875691
1,86.5665,2.14706,0,0,1699875691
1,80.6841,12.0028,0,0,1699875691
1,80.9344,18.5056,0,0,1699875691
1,100.159,16.3209,0,0,1699875691
1,110.224,24.7593,0,0,1699875691
1,52.4022,52.2046,0,0,1699875691
1,69.414,28.2844,0,0,1699875691
1,92.7056,5.69366,0,0,1699875691
1,29.2982,9.36596,0,0,1699875691
1,61.2692,35.004,0,0,1699875691
1,165.901,10.6073,0,0,1699875691
1,118.008,12.0061,0,0,1699875691
1,75.6667,6.53433,0,0,1699875691
1,65.0996,39.1398,0,0,1699875691
1,50.4072,1.42252,0,0,1699875691
1,81.307,20.8648,0,0,1699875691
1,80.6535,3.06782,0,0,1699875691
1,85.1199,13.0466,0,0,1699875691
1,65.7637,9.89032,0,0,1699875691
1,46.1136,6.5055,0,0,1699875691
1,100.263,6.14406,0,0,1699875691
1,85.9245,7.6622,0,0,1699875691
1,72.664,10.517,0,0,1699875691
1,90.5942,12.2222,0,0,1699875691
1,94.473,2.07498,0,0,1699875691
1,91.7266,10.3305,0,0,1699875691
1,88.1906,2.52614,0,0,1699875691
1,79.8229,1.31481,0,0,1699875691
1,75.594,22.9259,0,0,1699875691
1,94.7565,18.3111,0,0,1699875691
1,85.7011,26.5298,0,0,1699875691
1,104.948,9.83443,0,0,1699875691
1,88.0838,16.6074,0,0,1699875691
1,103.346,14.4787,0,0,1699875691
1,102.562,3.91254,0,0,1699875691
1,83.2062,15.3152,0,0,1699875691
1,39.5251,15.1348,0,0,1699875691
1,65.8327,14.2215,0,0,1699875691
1,115.097,34.2514,0,0,1699875691
1,79.0124,4.55539,0,0,1699875691
1,83.14,13.5374,0,0,1699875691
1,92.3937,18.9262,0,0,1699875691
1,54.9695,7.51185,0,0,1699875691
1,70.8677,13.2534,0,0,1699875691
1,106.298,12.4493,0,0,1699875691
1,91.4881,0.151665,0,0,1699875691
1,118.171,73.548,0,0,1699875691
1,373.574,45.4634,0,0,1699875691
1,111.722,25.5123,0,0,1699875691
1,132.32,10.1354,0,0,1699875691
1,89.5859,22.4006,0,0,1699875691
1,78.7566,3.90492,0,0,1699875691
1,91.4969,2.93088,0,0,1699875691
1,79.6059,15.51,0,0,1699875691
1,70.7974,16.2942,0,0,1699875691
1,76.0945,12.1266,0,0,1699875691
1,78.6984,9.25877,0,0,1699875691
1,100.643,9.94866,0,0,1699875691
1,73.0305,7.295,0,0,1699875691
1,69.8351,0.701014,0,0,1699875691
1,94.9326,7.05817,0,0,1699875691
1,91.1825,2.14998,0,0,1699875691
1,91.9537,6.20703,0,0,1699875691
1,96.0164,11.2471,0,0,1699875691
1,101.657,4.43923,0,0,1699875691
1,90.347,13.6033,0,0,1699875691
1,70.6087,9.82826,0,0,1699875691
1,88.1426,4.48085,0,0,1699875691
1,112.507,14.0218,0,0,1699875691
1,74.088,8.58017,0,0,1699875691
1,82.6725,4.80802,0,0,1699875691
1,84.0671,5.02975,0,0,1699875691
1,85.4673,0.972444,0,0,1699875691
1,110.484,1.01501,0,0,1699875691
1,96.7508,31.5619,0,0,1699875691
1,90.5379,31.4408,0,0,1699875691
1,79.7948,44.4212,0,0,1699875691
1,105.8,6.96965,0,0,1699875691
1,53.2694,19.4428,0,0,1699875691
1,96.7184,4.93254,0,0,1699875691
1,102.362,13.8225,0,0,1699875691
1,106.262,6.91348,0,0,1699875691
1,32.1858,1.88015,0,0,1699875691
1,106.2,9.69841,0,0,1699875691
1,101.956,1.37231,0,0,1699875691
1,93.2858,4.04154,0,0,1699875691
1,85.6981,6.5313,0,0,1699875691
1,79.0014,3.71522,0,0,1699875691
1,89.2848,2.56355,0,0,1699875691
1,78.7502,6.16431,0,0,1699875691
1,91.1314,19.7566,0,0,1699875691
1,81.315,4.60005,0,0,1699875691
1,69.9442,10.6772,0,0,1699875691
1,70.255,4.92395,0,0,1699875691
1,103.334,3.97823,0,0,1699875691
1,81.5487,0.703602,0,0,1699875691
1,101.766,14.2484,0,0,1699875691
1,66.3386,10.7071,0,0,1699875691
1,83.9182,13.2756,0,0,1699875691
1,96.7823,13.7182,0,0,1699875691
1,93.8656,36.4748,0,0,1699875691
1,67.7514,15.5465,0,0,1699875691
1,136.596,2.45489,0,0,1699875691
1,128.213,19.0323,0,0,1699875691
1,149.565,4.27423,0,0,1699875691
1,82.304,6.1928,0,0,1699875691
1,106.601,8.52046,0,0,1699875691
1,92.5655,5.59129,0,0,1699875691
1,76.0028,19.8332,0,0,1699875691
1,77.7617,3.54569,0,0,1699875691
1,64.0881,33.3068,0,0,1699875691
1,285.234,10.7665,0,0,1699875691
1,97.6396,3.46985,0,0,1699875691
1,78.3122,22.4147,0,0,1699875691
1,92.9424,18.4754,0,0,1699875691
1,95.6772,6.19065,0,0,1699875691
1,84.8063,24.4379,0,0,1699875691
1,115.483,33.5198,0,0,1699875691
1,75.1726,4.90708,0,0,1699875691
1,98.05,9.65034,0,0,1699875691
1,71.9103,21.0328,0,0,1699875691
1,100.589,4.04872,0,0,1699875691
1,71.9561,6.92493,0,0,1699875691
1,87.5641,3.70458,0,0,1699875691
1,85.1644,5.75248,0,0,1699875691
1,93.7824,4.1427,0,0,1699875691
1,90.5069,2.80318,0,0,1699875691
1,75.8185,1.12267,0,0,1699875691
1,96.7124,0.304969,0,0,1699875691
1,59.3473,5.26152,0,0,1699875691
1,98.5498,8.44964,0,0,1699875691
1,81.0299,14.3356,0,0,1699875691
1,92.5987,0.128533,0,0,1699875691
1,127.938,20.0853,0,0,1699875691
1,106.321,13.3968,0,0,1699875691
1,145.87,27.1838,0,0,1699875691
1,90.9854,10.8793,0,0,1699875691
1,60.1117,79.6143,0,0,1699875691
1,81.0385,10.0201,0,0,1699875691
1,83.2893,13.6494,0,0,1699875691
1,79.9506,13.949,0,0,1699875691
1,71.962,0.346525,0,0,1699875691
1,104.489,7.28265,0,0,1699875691
1,91.2453,33.2004,0,0,1699875691
1,116.131,15.086,0,0,1699875691
1,104.811,27.8881,0,0,1699875691
1,57.7606,16.193,0,0,1699875691
1,61.8921,99.8785,0,0,1699875691
1,61.9052,10.4374,0,0,1699875691
1,88.3774,7.70133,0,0,1699875691
1,89.5781,31.3815,0,0,1699875691
1,114.773,12.1544,0,0,1699875691
1,82.4005,46.4251,0,0,1699875691
1,51.9843,4.98357,0,0,1699875692
1,57.1326,15.1171,0,0,1699875692
1,70.3627,7.23686,0,0,1699875692
1,74.9624,4.04642,0,0,1699875692
1,60.6318,15.2465,0,0,1699875692
1,654.289,33.0932,0,0,1699875692
1,103.912,4.21215,0,0,1699875692
1,71.4109,3.13106,0,0,1699875692
1,86.085,22.3503,0,0,1699875692
1,148.385,12.9754,0,0,1699875692
1,62.7049,10.5878,0,0,1699875692
1,114.223,2.84905,0,0,1699875692
1,90.2547,0.68089,0,0,1699875692
1,81.4794,8.64284,0,0,1699875692
1,84.4127,3.97433,0,0,1699875692
1,77.8719,9.32689,0,0,1699875692
1,101.165,9.4803,0,0,1699875692
1,94.6802,2.10781,0,0,1699875692
1,86.499,5.19779,0,0,1699875692
1,85.8056,0.411356,0,0,1699875692
1,82.5469,0.911152,0,0,1699875692
1,85.0291,0.711124,0,0,1699875692
1,98.6761,2.45313,0,0,1699875692
1,81.1953,12.4726,0,0,1699875692
1,95.6737,25.8394,0,0,1699875692
1,62.9003,7.93308,0,0,1699875692
1,69.633,8.17024,0,0,1699875692
1,86.6325,10.4099,0,0,1699875692
1,118.192,5.74398,0,0,1699875692
1,97.4202,9.70246,0,0,1699875692
1,77.1511,13.6803,0,0,1699875692
1,266.968,15.1027,0,0,1699875692
1,124.663,15.5096,0,0,1699875692
1,94.0372,13.8243,0,0,1699875692
1,83.6352,10.5568,0,0,1699875692
1,98.3156,14.3841,0,0,1699875692
1,109.6,6.26252,0,0,1699875692
1,65.5544,21.9832,0,0,1699875692
1,87.611,34.4409,0,0,1699875692
1,84.1593,33.1962,0,0,1699875692
1,68.0912,3.52091,0,0,1699875692
1,69.9688,7.58106,0,0,1699875692
1,71.5664,12.8387,0,0,1699875692
1,59.7052,13.8575,0,0,1699875692
1,92.7871,17.4778,0,0,1699875692
1,127.132,2.23055,0,0,1699875692
1,97.813,6.03081,0,0,1699875692
1,83.0219,4.41298,0,0,1699875692
1,68.6436,2.46804,0,0,1699875692
1,71.5121,4.91327,0,0,1699875692
1,98.0519,12.7483,0,0,1699875692
1,68.4858,7.28599,0,0,1699875692
1,84.661,4.92188,0,0,1699875692
1,79.24,8.89736,0,0,1699875692
1,59.1452,2.9281,0,0,1699875692
1,94.4805,11.742,0,0,1699875692
1,111.899,4.30161,0,0,1699875692
1,97.7537,5.08684,0,0,1699875692
1,84.2325,8.80008,0,0,1699875692
1,75.2118,3.15988,0,0,1699875692
1,125.305,6.83862,0,0,1699875692
1,83.9563,4.30292,0,0,1699875692
1,95.0075,42.0843,0,0,1699875692
1,65.73,1.781,0,0,1699875692
1,81.4767,15.5403,0,0,1699875692
1,67.9205,32.6083,0,0,1699875692
1,39.8386,5.80543,0,0,1699875692
1,52.8142,24.7065,0,0,1699875692
1,73.0745,3.34358,0,0,1699875692
1,218.146,9.79045,0,0,1699875692
1,120.472,8.32234,0,0,1699875692
1,185.156,8.63221,0,0,1699875692
1,115.073,5.61296,0,0,1699875692
1,107.17,1.93517,0,0,1699875692
1,67.3666,6.08499,0,0,1699875692
1,79.68,12.1734,0,0,1699875692
1,72.7543,40.1889,0,0,1699875692
1,106.362,12.8258,0,0,1699875692
1,67.4783,8.01542,0,0,1699875692
1,63.2723,17.9617,0,0,1699875692
1,74.2091,1.45317,0,0,1699875692
1,145.245,31.1525,0,0,1699875692
1,84.8455,2.06372,0,0,1699875692
1,67.8809,14.8829,0,0,1699875692
1,94.7078,2.29701,0,0,1699875692
1,87.2711,34.1288,0,0,1699875692
1,101.271,15.6156,0,0,1699875692
1,88.9567,5.94917,0,0,1699875692
1,86.2689,1.64309,0,0,1699875692
1,76.9931,7.70128,0,0,1699875692
1,93.3544,1.91051,0,0,1699875692
1,68.1489,17.3683,0,0,1699875692
1,94.5248,12.3627,0,0,1699875692
1,71.4278,1.34289,0,0,1699875692
1,82.6766,16.094,0,0,1699875692
1,102.216,9.20671,0,0,1699875692
1,83.8788,11.1682,0,0,1699875692
1,85.2182,25.6152,0,0,1699875692
1,105.744,10.7355,0,0,1699875692
1,83.4158,20.827,0,0,1699875692
1,68.3105,7.44244,0,0,1699875692
1,102.001,22.1316,0,0,1699875692
1,83.6826,27.9399,0,0,1699875692
1,92.2026,21.7957,0,0,1699875692
1,60.8979,0.642418,0,0,1699875692
1,72.6602,4.59448,0,0,1699875692
1,85.962,16.1066,0,0,1699875692
1,44.6921,47.6941,0,0,1699875692
1,76.3066,15.0187,0,0,1699875692
1,163.139,11.6329,0,0,1699875692
1,68.8568,4.66561,0,0,1699875692
1,92.9288,7.2259,0,0,1699875692
1,108.566,8.50101,0,0,1699875692
1,92.2024,15.7452,0,0,1699875692
1,82.8025,17.3599,0,0,1699875692
1,72.5741,2.0845,0,0,1699875692
1,98.9744,1.55797,0,0,1699875692
1,81.9781,2.14531,0,0,1699875692
1,99.466,4.2599,0,0,1699875692
1,99.2152,2.72037,0,0,1699875692
1,78.1299,9.43667,0,0,1699875692
1,85.9728,4.9492,0,0,1699875692
1,101.177,6.11159,0,0,1699875692
1,115.551,1.8803,0,0,1699875692
1,83.2565,3.55389,0,0,1699875692
1,82.9197,11.8478,0,0,1699875692
1,81.8128,1.41774,0,0,1699875692
1,72.8025,3.41655,0,0,1699875692
1,88.5089,9.48862,0,0,1699875692
1,198.01,36.8509,0,0,1699875692
1,77.0518,8.91187,0,0,1699875692
1,73.6506,0.853296,0,0,1699875692
1,36.2535,35.5532,0,0,1699875692
1,160.258,7.31264,0,0,1699875692
1,80.1132,4.45329,0,0,1699875692
1,105.659,8.44091,0,0,1699875692
1,102.593,14.9957,0,0,1699875692
1,80.6094,7.99924,0,0,1699875692
1,105.052,0.500749,0,0,1699875692
1,105.607,6.16618,0,0,1699875692
1,100.176,1.3135,0,0,1699875692
1,105.573,8.42698,0,0,1699875692
1,96.1624,0.523262,0,0,1699875692
1,85.7502,1.35309,0,0,1699875692
1,75.5886,0.431714,0,0,1699875692
1,129.596,6.87714,0,0,1699875692
1,86.2525,11.0179,0,0,1699875692
1,110.856,4.16835,0,0,1699875692
1,66.7445,1.43687,0,0,1699875692
1,87.9181,14.9803,0,0,1699875692
1,90.4394,5.6458,0,0,1699875692
1,74.6255,8.94713,0,0,1699875692
1,127.609,5.73212,0,0,1699875692
1,76.0199,30.7786,0,0,1699875692
1,81.4645,0.585419,0,0,1699875692
1,117.231,4.21101,0,0,1699875692
1,94.3967,9.90489,0,0,1699875692
1,96.1085,5.54452,0,0,1699875692
1,96.0176,1.67251,0,0,1699875692
1,82.0167,3.58488,0,0,1699875692
1,112.884,9.58289,0,0,1699875692
1,238.627,16.0087,0,0,1699875692
1,98.1014,7.84218,0,0,1699875692
1,103.84,6.00509,0,0,1699875692
1,81.3522,8.17726,0,0,1699875692
1,84.9209,8.71032,0,0,1699875692
1,100.827,14.5839,0,0,1699875692
1,81.9026,1.19396,0,0,1699875692
1,87.5976,1.22646,0,0,1699875692
1,85.0333,18.8978,0,0,1699875692
1,111.208,8.12938,0,0,1699875692
1,95.6026,0.513503,0,0,1699875692
1,97.8121,3.40346,0,0,1699875692
1,94.7601,14.1787,0,0,1699875692
1,81.9032,3.43921,0,0,1699875692
1,81.3503,5.77812,0,0,1699875692
1,84.2606,9.63402,0,0,1699875692
1,76.5684,13.9901,0,0,1699875692
1,71.2333,7.16829,0,0,1699875692
1,80.5756,12.4613,0,0,1699875692
1,89.1771,3.52219,0,0,1699875692
1,73.8087,0.623679,0,0,1699875692
1,73.6079,14.559,0,0,1699875692
1,48.9294,35.9294,0,0,1699875692
1,163.014,16.3884,0,0,1699875692
1,92.5506,6.25487,0,0,1699875692
1,110.888,3.07513,0,0,1699875692
1,130.855,15.5513,0,0,1699875692
1,101.185,7.03568,0,0,1699875692
1,87.6933,22.2222,0,0,1699875692
1,72.0837,4.3364,0,0,1699875692
1,76.319,2.42304,0,0,1699875692
1,79.9476,9.54657,0,0,1699875692
1,103.386,0.617192,0,0,1699875692
1,137.233,14.5587,0,0,1699875692
1,118.417,18.5146,0,0,1699875692
1,75.2656,14.4322,0,0,1699875692
1,106.155,29.6622,0,0,1699875692
1,90.367,4.02353,0,0,1699875692
1,94.4463,11.7397,0,0,1699875692
1,62.8212,4.96363,0,0,1699875692
1,78.8742,0.136719,0,0,1699875692
1,99.709,4.9291,0,0,1699875692
1,67.5762,14.5091,0,0,1699875692
1,82.5156,24.3195,0,0,1699875692
1,97.225,15.8888,0,0,1699875692
1,83.9894,2.64658,0,0,1699875692
1,71.6635,9.671,0,0,1699875692
1,50.8791,14.6637,0,0,1699875692
1,62.2752,7.39233,0,0,1699875692
1,120.674,6.21256,0,0,1699875692
1,107.24,10.1137,0,0,1699875692
1,86.764,12.856,0,0,1699875692
1,74.6619,7.4746,0,0,1699875692
1,85.3255,3.50497,0,0,1699875692
1,88.4396,3.80539,0,0,1699875692
1,75.4482,3.5432,0,0,1699875692
1,89.1715,3.92559,0,0,1699875692
1,97.2569,0.827485,0,0,1699875692
1,80.8425,16.6694,0,0,1699875692
1,85.53,7.6458,0,0,1699875692
1,85.6392,0.877404,0,0,1699875692
1,83.7315,4.57715,0,0,1699875692
1,106.833,8.93836,0,0,1699875692
1,77.9313,2.68355,0,0,1699875692
1,95.0641,21.412,0,0,1699875692
1,89.3029,4.73482,0,0,1699875692
1,90.7639,8.00351,0,0,1699875692
1,79.0702,10.6166,0,0,1699875692
1,60.8326,45.6946,0,0,1699875692
1,106.881,5.69478,0,0,1699875692
1,97.6814,19.0765,0,0,1699875692
1,122.332,9.3176,0,0,1699875692
1,187.854,15.1455,0,0,1699875692
1,101.876,7.69476,0,0,1699875692
1,52.9265,17.643,0,0,1699875692
1,70.0612,5.20055,0,0,1699875692
1,113.047,6.87963,0,0,1699875692
1,100.545,37.3511,0,0,1699875692
1,80.783,6.74524,0,0,1699875692
1,85.2223,11.5225,0,0,1699875692
1,95.5393,4.40188,0,0,1699875692
1,77.2085,18.0657,0,0,1699875692
1,80.8659,4.69768,0,0,1699875692
1,75.9846,6.59371,0,0,1699875692
1,105.49,6.85558,0,0,1699875692
1,94.2425,9.5,0,0,1699875692
1,90.9858,18.9795,0,0,1699875692
1,73.3712,3.66078,0,0,1699875692
1,53.2822,6.89856,0,0,1699875692
1,87.8099,10.7164,0,0,1699875692
1,74.5719,8.40651,0,0,1699875692
1,86.9857,6.72203,0,0,1699875692
1,75.6513,3.52839,0,0,1699875692
1,88.4966,10.5264,0,0,1699875692
1,91.3021,11.5799,0,0,1699875692
1,128.877,9.42708,0,0,1699875692
1,91.7567,15.328,0,0,1699875692
1,78.1689,11.5206,0,0,1699875692
1,78.1229,4.01179,0,0,1699875692
1,95.002,6.46823,0,0,1699875692
1,94.4433,20.4381,0,0,1699875692
1,94.7979,2.43684,0,0,1699875692
1,83.7668,18.8949,0,0,1699875692
1,126.637,4.22264,0,0,1699875692
1,98.8396,25.7461,0,0,1699875692
1,66.0116,6.81789,0,0,1699875692
1,83.7266,11.1893,0,0,1699875692
1,118.885,24.069,0,0,1699875692
1,126.204,0.102022,0,0,1699875692
1,80.2413,23.9119,0,0,1699875692
1,74.7982,1.18311,0,0,1699875692
1,71.7029,7.2488,0,0,1699875692
1,283.189,5.31092,0,0,1699875692
1,71.5962,4.27509,0,0,1699875692
1,170.293,14.6778,0,0,1699875692
1,112.322,0.42661,0,0,1699875692
1,79.2458,7.56976,0,0,1699875692
1,82.8775,29.5325,0,0,1699875692
1,66.3233,0.22186,0,0,1699875692
1,62.3834,29.2223,0,0,1699875692
1,85.5925,17.2778,0,0,1699875692
1,98.8529,12.6799,0,0,1699875692
1,115.398,4.60075,0,0,1699875692
1,57.0247,5.79361,0,0,1699875692
1,113.593,0.0611808,0,0,1699875692
1,79.5492,4.95989,0,0,1699875692
1,97.4273,20.2255,0,0,1699875692
1,79.5453,0.82229,0,0,1699875692
1,114.198,13.7326,0,0,1699875692
1,85.6592,15.8923,0,0,1699875692
1,78.35,4.91458,0,0,1699875692
1,117.34,5.68688,0,0,1699875692
1,78.2118,26.9392,0,0,1699875692
1,81.5973,15.7959,0,0,1699875692
1,91.2766,25.7496,0,0,1699875692
1,81.0147,33.1711,0,0,1699875692
1,78.2914,9.68951,0,0,1699875692
1,51.4994,29.4522,0,0,1699875692
1,64.5105,28.2463,0,0,1699875692
1,60.3274,3.77962,0,0,1699875692
1,108.97,5.64906,0,0,1699875692
1,85.6832,9.36316,0,0,1699875692
1,84.7863,12.6975,0,0,1699875692
1,91.6823,23.067,0,0,1699875692
1,75.8456,5.6115,0,0,1699875692
1,78.0076,19.6447,0,0,1699875692
1,75.9325,8.53912,0,0,1699875692
1,86.5823,11.7179,0,0,1699875692
1,53.4602,18.1395,0,0,1699875692
1,71.904,49.6478,0,0,1699875692
1,108.994,8.28121,0,0,1699875692
1,66.7297,23.5737,0,0,1699875692
1,56.1964,2.97474,0,0,1699875692
1,133.483,1.55299,0,0,1699875692
1,63.0796,4.939,0,0,1699875692
1,143.272,3.91288,0,0,1699875692
1,109.039,25.654,0,0,1699875692
1,70.6582,49.8755,0,0,1699875692
1,54.2706,48.4297,0,0,1699875692
1,73.548,13.9483,0,0,1699875692
1,115.222,16.7564,0,0,1699875692
1,82.9902,19.0773,0,0,1699875692
1,29.6551,13.9247,0,0,1699875692
1,92.1018,4.69614,0,0,1699875692
1,91.2793,15.7899,0,0,1699875692
1,93.6496,3.0725,0,0,1699875692
1,84.677,21.7169,0,0,1699875692
1,92.4631,16.377,0,0,1699875692
1,80.1869,22.9874,0,0,1699875692
1,103.579,9.96224,0,0,1699875692
1,68.2152,6.6931,0,0,1699875692
1,84.1847,17.0771,0,0,1699875692
1,93.5783,10.0561,0,0,1699875692
1,101.762,3.60419,0,0,1699875692
1,80.9825,0.0808623,0,0,1699875692
1,104.613,6.10219,0,0,1699875692
1,79.7153,8.3463,0,0,1699875692
1,121.571,17.584,0,0,1699875692
1,67.2585,5.49681,0,0,1699875692
1,79.3554,21.2314,0,0,1699875692
1,58.6367,5.05548,0,0,1699875692
1,114.137,35.8604,0,0,1699875692
1,41.7588,5.00543,0,0,1699875692
1,58.0715,35.9031,0,0,1699875692
1,101.185,3.90901,0,0,1699875692
1,61.0078,2.17504,0,0,1699875692
1,117.067,23.2618,0,0,1699875692
1,54.0738,6.37208,0,0,1699875692
1,126.467,16.2055,0,0,1699875692
1,129.235,16.6968,0,0,1699875692
1,68.7167,2.97263,0,0,1699875692
1,74.0548,10.414,0,0,1699875692
1,76.7193,14.3908,0,0,1699875692
1,50.8759,20.0169,0,0,1699875692
1,70.3314,6.18821,0,0,1699875692
1,36.054,1.73109,0,0,1699875692
1,105.539,2.34187,0,0,1699875692
1,78.5902,9.4494,0,0,1699875692
1,85.7924,0.338533,0,0,1699875692
1,64.0902,29.9629,0,0,1699875692
1,77.7064,5.14727,0,0,1699875692
1,223.353,19.5634,0,0,1699875692
1,93.5344,10.7972,0,0,1699875692
1,87.4224,7.80036,0,0,1699875692
1,87.8394,5.79534,0,0,1699875692
1,65.5448,8.11216,0,0,1699875692
1,80.7624,3.86379,0,0,1699875692
1,86.8937,8.55049,0,0,1699875692
1,83.7408,11.249,0,0,1699875692
1,119.507,45.4538,0,0,1699875692
1,69.4955,1.75125,0,0,1699875692
1,111.566,13.0278,0,0,1699875692
1,126.657,0.242997,0,0,1699875692
1,141.437,19.3156,0,0,1699875692
1,101.023,34.4315,0,0,1699875692
1,55.2956,4.10534,0,0,1699875692
1,56.9514,3.19956,0,0,1699875692
1,86.4,32.0403,0,0,1699875692
1,67.877,9.73972,0,0,1699875692
1,88.9005,3.74798,0,0,1699875692
1,94.7841,11.603,0,0,1699875692
1,84.3791,10.7194,0,0,1699875692
1,115.551,21.0121,0,0,1699875692
1,110.669,16.4419,0,0,1699875692
1,68.6452,8.31775,0,0,1699875692
1,62.2727,8.3525,0,0,1699875692
1,117.734,9.67892,0,0,1699875692
1,76.0762,5.1186,0,0,1699875692
1,115.932,0.26327,0,0,1699875692
1,96.827,11.4211,0,0,1699875692
1,104.729,3.4045,0,0,1699875692
1,86.1303,3.02858,0,0,1699875692
1,106.269,33.1277,0,0,1699875692
1,77.3149,11.7287,0,0,1699875692
1,74.2643,19.868,0,0,1699875692
1,97.0451,4.28151,0,0,1699875692
1,93.8993,12.7736,0,0,1699875692
1,100.276,16.8435,0,0,1699875692
1,81.8167,31.2225,0,0,1699875692
1,138.914,3.10006,0,0,1699875692
1,87.5273,9.17941,0,0,1699875692
1,95.2104,10.2692,0,0,1699875692
1,115.634,39.6956,0,0,1699875692
1,68.1291,4.77166,0,0,1699875692
1,70.7947,16.27,0,0,1699875692
1,89.5251,1.87476,0,0,1699875692
1,119.616,23.9886,0,0,1699875692
1,165.212,22.8798,0,0,1699875692
1,54.9227,69.7825,0,0,1699875692
1,43.4182,20.4734,0,0,1699875692
1,69.3747,1.06785,0,0,1699875692
1,100.16,5.72006,0,0,1699875692
1,89.5429,9.60238,0,0,1699875692
1,58.7615,6.90174,0,0,1699875692
1,140.77,16.8138,0,0,1699875692
1,108.195,4.86309,0,0,1699875692
1,71.6821,25.1379,0,0,1699875692
1,107.455,15.2192,0,0,1699875692
1,82.7016,43.5875,0,0,1699875692
1,118.032,4.69742,0,0,1699875692
1,89.4801,7.48144,0,0,1699875692
1,82.6193,5.78013,0,0,1699875692
1,225.845,29.0126,0,0,1699875692
1,86.9821,8.15112,0,0,1699875692
1,80.3475,4.41599,0,0,1699875692
1,98.9586,1.91448,0,0,1699875692
1,88.4531,18.7996,0,0,1699875692
1,193.77,5.39576,0,0,1699875692
1,75.7363,8.11438,0,0,1699875692
1,88.4866,6.32344,0,0,1699875692
1,77.8275,3.51328,0,0,1699875692
1,122.535,26.3377,0,0,1699875692
1,90.697,27.3057,0,0,1699875692
1,58.9764,13.8943,0,0,1699875692
1,91.4052,34.4332,0,0,1699875692
1,70.6916,2.88312,0,0,1699875692
1,96.3996,24.5966,0,0,1699875692
1,97.8799,10.4994,0,0,1699875692
1,112.016,12.2263,0,0,1699875692
1,85.734,3.4793,0,0,1699875692
1,73.9541,0.0360007,0,0,1699875692
1,84.6364,27.8191,0,0,1699875692
1,118.649,1.27477,0,0,1699875692
1,87.9227,1.29063,0,0,1699875692
1,65.3847,3.24846,0,0,1699875692
1,64.5205,10.1349,0,0,1699875692
1,126.869,30.8769,0,0,1699875692
1,69.0147,11.4333,0,0,1699875692
1,132.985,2.84796,0,0,1699875692
1,90.9751,8.80621,0,0,1699875692
1,88.27,16.5522,0,0,1699875692
1,86.1213,9.021,0,0,1699875692
1,98.2803,11.674,0,0,1699875692
1,88.8799,17.8938,0,0,1699875692
1,184.477,107.941,0,0,1699875692
1,581.032,2.77043,0,0,1699875692
1,76.9188,114.382,0,0,1699875692
1,83.1309,29.3061,0,0,1699875692
1,81.6047,13.7718,0,0,1699875692
1,76.2144,2.3077,0,0,1699875692
1,68.7663,13.9533,0,0,1699875692
1,89.4365,2.88773,0,0,1699875692
1,68.4495,11.8529,0,0,1699875692
1,83.656,53.1448,0,0,1699875692
1,107.913,7.57313,0,0,1699875692
1,123.011,2.34736,0,0,1699875692
1,111.305,24.6094,0,0,1699875692
1,73.9463,12.5276,0,0,1699875692
1,82.5884,20.5081,0,0,1699875692
1,225.436,1.94682,0,0,1699875692
1,56.8711,14.1126,0,0,1699875692
1,77.5399,9.64958,0,0,1699875692
1,84.3323,8.89861,0,0,1699875692
1,46.027,27.6356,0,0,1699875692
1,79.9257,2.43612,0,0,1699875692
1,83.1611,1.67454,0,0,1699875692
1,77.198,6.383,0,0,1699875692
1,79.8607,11.7861,0,0,1699875692
1,64.3972,6.97543,0,0,1699875692
1,82.8078,14.9076,0,0,1699875692
1,86.2653,5.68481,0,0,1699875692
1,107.178,6.88208,0,0,1699875692
1,59.4127,27.9354,0,0,1699875692
1,87.8415,1.44042,0,0,1699875692
1,76.759,2.41816,0,0,1699875692
1,80.6187,8.20291,0,0,1699875692
1,78.4054,4.84518,0,0,1699875692
1,59.024,92.3084,0,0,1699875692
1,56.1981,0.161113,0,0,1699875692
1,71.8107,8.04145,0,0,1699875692
1,71.1078,7.78136,0,0,1699875692
1,150.692,14.263,0,0,1699875692
1,100.153,2.23583,0,0,1699875692
1,67.4705,6.03593,0,0,1699875692
1,82.3711,13.8478,0,0,1699875692
1,59.3331,28.8285,0,0,1699875692
1,84.8355,8.22011,0,0,1699875692
1,111.011,30.4063,0,0,1699875692
1,94.7313,29.8411,0,0,1699875692
1,973.318,28.1,0,0,1699875693
1,102.442,0.772752,0,0,1699875693
1,99.403,24.9524,0,0,1699875693
1,101.995,138.95,0,0,1699875693
1,56.4613,33.9685,0,0,1699875693
1,45.7355,7.36489,0,0,1699875693
1,136.53,11.2703,0,0,1699875693
1,46.741,6.37243,0,0,1699875693
1,98.4106,7.94545,0,0,1699875693
1,71.0418,3.16847,0,0,1699875693
1,84.9814,17.6748,0,0,1699875693
1,86.4552,6.30102,0,0,1699875693
1,133.42,0.894626,0,0,1699875693
1,84.2016,13.3769,0,0,1699875693
1,95.8992,3.25951,0,0,1699875693
1,87.0565,41.2172,0,0,1699875693
1,75.4761,4.54443,0,0,1699875693
1,91.4031,7.76404,0,0,1699875693
1,84.7959,19.8173,0,0,1699875693
1,114.481,74.7761,0,0,1699875693
1,519.148,9.57479,0,0,1699875693
1,91.1494,8.06661,0,0,1699875693
1,41.7931,30.398,0,0,1699875693
1,102.604,17.9864,0,0,1699875693
1,110.077,26.154,0,0,1699875693
1,93.2186,12.6257,0,0,1699875693
1,81.4375,5.34808,0,0,1699875693
1,208.415,16.135,0,0,1699875693
1,107.454,1.99673,0,0,1699875693
1,76.9143,3.34065,0,0,1699875693
1,77.2768,4.96045,0,0,1699875693
1,95.458,11.8665,0,0,1699875693
1,79.1189,3.00617,0,0,1699875693
1,96.8257,4.57429,0,0,1699875693
1,76.0898,25.2563,0,0,1699875693
1,68.835,9.7432,0,0,1699875693
1,116.077,3.59737,0,0,1699875693
1,82.4588,22.3395,0,0,1699875693
1,62.3558,16.1487,0,0,1699875693
1,55.2403,27.2379,0,0,1699875693
1,72.7154,9.60726,0,0,1699875693
1,84.2454,12.5175,0,0,1699875693
1,81.9491,17.5999,0,0,1699875693
1,97.6842,42.5147,0,0,1699875693
1,83.0813,1.63471,0,0,1699875693
1,78.9401,28.5998,0,0,1699875693
1,74.8263,7.91106,0,0,1699875693
1,135.188,43.4809,0,0,1699875693
1,79.6233,11.0041,0,0,1699875693
1,132.827,16.4011,0,0,1699875693
1,53.8837,3.72579,0,0,1699875693
1,55.7491,5.7005,0,0,1699875693
1,64.036,20.0999,0,0,1699875693
1,57.0494,21.7412,0,0,1699875693
1,71.9796,19.7211,0,0,1699875693
1,63.3438,5.18063,0,0,1699875693
1,91.7083,4.52228,0,0,1699875693
1,171.613,37.0521,0,0,1699875693
1,46.6353,3.7356,0,0,1699875693
1,247.898,4.88154,0,0,1699875693
1,101.647,13.7404,0,0,1699875693
1,110.667,19.0659,0,0,1699875693
1,78.6694,2.67883,0,0,1699875693
1,78.1297,21.4968,0,0,1699875693
1,47.4806,20.0855,0,0,1699875693
1,135.599,32.2307,0,0,1699875693
1,162.38,3.40397,0,0,1699875693
1,59.8221,18.5036,0,0,1699875693
1,81.7402,24.0101,0,0,1699875693
1,87.1274,37.7389,0,0,1699875693
1,142.469,34.6945,0,0,1699875693
1,147.862,3.76585,0,0,1699875693
1,107.353,11.8052,0,0,1699875693
1,85.0834,5.0325,0,0,1699875693
1,202.123,12.7108,0,0,1699875693
1,86.0101,27.9193,0,0,1699875693
1,76.9452,2.63415,0,0,1699875693
1,79.5142,3.93841,0,0,1699875693
1,87.9139,11.1653,0,0,1699875693
1,49.9945,5.52609,0,0,1699875693
1,77.0982,11.6208,0,0,1699875693
1,89.9612,7.43071,0,0,1699875693
1,61.9498,1.16997,0,0,1699875693
1,90.6462,15.5407,0,0,1699875693
1,72.8563,19.375,0,0,1699875693
1,116.435,28.1156,0,0,1699875693
1,72.7416,4.00651,0,0,1699875693
1,105.023,9.03898,0,0,1699875693
1,84.6102,36.3271,0,0,1699875693
1,136.984,15.2095,0,0,1699875693
1,89.1865,8.03989,0,0,1699875693
1,145.32,4.07667,0,0,1699875693
1,41.3707,56.7722,0,0,1699875693
1,97.3895,3.78138,0,0,1699875693
1,89.5195,70.4205,0,0,1699875693
1,86.8558,13.3773,0,0,1699875693
1,41.2104,7.75036,0,0,1699875693
1,262.668,15.7816,0,0,1699875693
1,75.8726,40.281,0,0,1699875693
1,138.596,18.3109,0,0,1699875693
1,155.26,3.81864,0,0,1699875693
1,80.7952,14.6867,0,0,1699875693
1,146.797,15.2423,0,0,1699875693
1,78.5497,4.78508,0,0,1699875693
1,85.0927,3.01942,0,0,1699875693
1,80.8351,1.16394,0,0,1699875693
1,81.2679,6.29358,0,0,1699875693
1,78.797,5.33855,0,0,1699875693
1,90.3177,13.7614,0,0,1699875693
1,71.3426,10.5912,0,0,1699875693
1,89.7865,4.55758,0,0,1699875693
1,84.7624,3.99437,0,0,1699875693
1,83.7728,14.311,0,0,1699875693
1,95.3095,20.2434,0,0,1699875693
1,79.0026,4.78812,0,0,1699875693
1,87.1902,9.92872,0,0,1699875693
1,78.6276,6.21236,0,0,1699875693
1,75.9165,9.13585,0,0,1699875693
1,82.1006,4.03468,0,0,1699875693
1,87.6497,24.5113,0,0,1699875693
1,99.3322,16.2682,0,0,1699875693
1,81.7191,4.61278,0,0,1699875693
1,94.7575,7.97171,0,0,1699875693
1,83.4719,0.983754,0,0,1699875693
1,106.918,12.69,0,0,1699875693
1,54.6736,12.1268,0,0,1699875693
1,233.656,42.7475,0,0,1699875693
1,242.458,19.3318,0,0,1699875693
1,35.5581,10.8363,0,0,1699875693
1,70.0726,4.90619,0,0,1699875693
1,46.38,23.2392,0,0,1699875693
1,150.186,1.79536,0,0,1699875693
1,69.8872,37.9037,0,0,1699875693
1,39.2948,39.4601,0,0,1699875693
1,39.4662,12.5813,0,0,1699875693
1,59.5625,0.978324,0,0,1699875693
1,85.5354,0.819002,0,0,1699875693
1,77.6452,11.2143,0,0,1699875693
1,78.5081,9.39866,0,0,1699875693
1,78.1696,12.2225,0,0,1699875693
1,85.4212,0.273438,0,0,1699875693
1,79.4657,14.2649,0,0,1699875693
1,88.6667,2.19104,0,0,1699875693
1,93.1701,6.83271,0,0,1699875693
1,73.6495,7.48524,0,0,1699875693
1,94.4924,2.45015,0,0,1699875693
1,75.6256,9.76938,0,0,1699875693
1,80.1525,0.569653,0,0,1699875693
1,87.179,28.0797,0,0,1699875693
1,68.6682,10.6938,0,0,1699875693
1,70.1067,10.5437,0,0,1699875693
1,85.0777,7.74917,0,0,1699875693
1,81.104,10.8266,0,0,1699875693
1,61.9729,9.70431,0,0,1699875693
1,218.985,35.4094,0,0,1699875693
1,32.6422,18.1308,0,0,1699875693
1,211.4,9.65709,0,0,1699875693
1,71.408,31.6728,0,0,1699875693
1,109.717,7.08773,0,0,1699875693
1,79.8916,17.191,0,0,1699875693
1,74.7191,0.528854,0,0,1699875693
1,72.1611,8.93414,0,0,1699875693
1,56.8178,7.56127,0,0,1699875693
1,63.3774,23.2964,0,0,1699875693
1,67.5478,23.2721,0,0,1699875693
1,55.36,35.6699,0,0,1699875693
1,54.8464,19.0825,0,0,1699875693
1,41.4944,15.0699,0,0,1699875693
1,97.7363,10.4257,0,0,1699875693
1,81.3207,10.0934,0,0,1699875693
1,96.2075,2.54612,0,0,1699875693
1,69.7965,7.64288,0,0,1699875693
1,87.7232,3.1896,0,0,1699875693
1,73.3221,21.0837,0,0,1699875693
1,109.238,0.977138,0,0,1699875693
1,75.6836,10.0915,0,0,1699875693
1,79.7259,4.95517,0,0,1699875693
1,88.7749,0.994851,0,0,1699875693
1,86.6945,20.7308,0,0,1699875693
1,105.588,0.0109202,0,0,1699875693
1,83.559,8.48801,0,0,1699875693
1,78.2794,3.90044,0,0,1699875693
1,90.3785,9.90147,0,0,1699875693
1,89.7358,6.85158,0,0,1699875693
1,67.8028,7.99988,0,0,1699875693
1,101.894,1.20464,0,0,1699875693
1,79.7891,17.6224,0,0,1699875693
1,50.6209,10.0307,0,0,1699875693
1,64.6845,18.8884,0,0,1699875693
1,64.1032,0.231207,0,0,1699875693
1,152.441,17.9059,0,0,1699875693
1,81.6588,2.19974,0,0,1699875693
1,86.735,16.1304,0,0,1699875693
1,99.8554,4.98084,0,0,1699875693
1,106.965,0.316827,0,0,1699875693
1,108.588,6.85146,0,0,1699875693
1,80.4968,17.478,0,0,1699875693
1,27.5727,3.03467,0,0,1699875693
1,108.908,27.1727,0,0,1699875693
1,81.7644,19.6093,0,0,1699875693
1,92.6428,19.4676,0,0,1699875693
1,66.3273,3.22987,0,0,1699875693
1,69.6793,33.3781,0,0,1699875693
1,95.5837,4.35488,0,0,1699875693
1,73.0614,5.5446,0,0,1699875693
1,135.964,3.62355,0,0,1699875693
1,85.9854,4.64993,0,0,1699875693
1,102.922,3.84623,0,0,1699875693
1,83.9617,2.35985,0,0,1699875693
1,84.5774,5.14301,0,0,1699875693
1,93.2286,5.10212,0,0,1699875693
1,88.2436,2.46421,0,0,1699875693
1,89.3647,13.6268,0,0,1699875693
1,99.3235,7.14968,0,0,1699875693
1,81.885,8.15683,0,0,1699875693
1,93.1007,15.7493,0,0,1699875693
1,67.7648,1.35236,0,0,1699875693
1,76.0387,25.7931,0,0,1699875693
1,88.8948,2.28475,0,0,1699875693
1,79.8516,8.92666,0,0,1699875693
1,75.8224,6.80105,0,0,1699875693
1,95.2546,11.8592,0,0,1699875693
1,86.0554,7.23375,0,0,1699875693
1,68.0587,12.3951,0,0,1699875693
1,75.3562,26.1225,0,0,1699875693
1,73.3077,5.93284,0,0,1699875693
1,75.9662,3.81495,0,0,1699875693
1,74.9764,4.78388,0,0,1699875693
1,56.0345,2.73927,0,0,1699875693
1,156.039,18.7095,0,0,1699875693
1,69.3696,8.73333,0,0,1699875693
1,105.794,8.28401,0,0,1699875693
1,91.6713,12.8495,0,0,1699875693
1,75.5794,4.2413,0,0,1699875693
1,82.7844,9.97085,0,0,1699875693
1,42.1289,23.4593,0,0,1699875693
1,129.137,13.5573,0,0,1699875693
1,94.9279,17.346,0,0,1699875693
1,60.5121,8.75964,0,0,1699875693
1,72.6137,46.7597,0,0,1699875693
1,77.2678,0.566364,0,0,1699875693
1,82.518,6.51203,0,0,1699875693
1,73.7428,6.21706,0,0,1699875693
1,89.6471,2.65559,0,0,1699875693
1,73.9372,4.69403,0,0,1699875693
1,110.205,0.0998896,0,0,1699875693
1,79.2825,10.0237,0,0,1699875693
1,72.2793,4.01554,0,0,1699875693
1,97.8573,13.2276,0,0,1699875693
1,92.6841,20.4516,0,0,1699875693
1,65.4551,11.9971,0,0,1699875693
1,108.442,8.62352,0,0,1699875693
1,75.9446,14.8729,0,0,1699875693
1,56.1473,12.23,0,0,1699875693
1,137.406,17.9824,0,0,1699875693
1,97.0121,14.2025,0,0,1699875693
1,109.6,1.48426,0,0,1699875693
1,84.4022,16.0394,0,0,1699875693
1,85.6657,7.72417,0,0,1699875693
1,72.2996,24.6781,0,0,1699875693
1,75.8715,29.2408,0,0,1699875693
1,64.8105,5.03764,0,0,1699875693
1,95.0694,9.26799,0,0,1699875693
1,113.889,19.914,0,0,1699875693
1,59.0509,18.4158,0,0,1699875693
1,60.13,39.1295,0,0,1699875693
1,117.38,1.06684,0,0,1699875693
1,99.5012,24.7837,0,0,1699875693
1,72.8619,10.138,0,0,1699875693
1,96.1456,16.2847,0,0,1699875693
1,70.729,10.605,0,0,1699875693
1,86.6709,2.596,0,0,1699875693
1,99.7068,23.374,0,0,1699875693
1,81.262,11.5348,0,0,1699875693
1,87.4435,1.87985,0,0,1699875693
1,101.618,15.0146,0,0,1699875693
1,80.5619,10.724,0,0,1699875693
1,77.6787,7.26805,0,0,1699875693
1,76.6757,4.46586,0,0,1699875693
1,92.207,0.222083,0,0,1699875693
1,87.7559,16.1638,0,0,1699875693
1,80.0044,4.73582,0,0,1699875693
1,90.2018,0.612586,0,0,1699875693
1,82.9677,37.1306,0,0,1699875693
1,78.0614,25.0531,0,0,1699875693
1,117.186,14.9349,0,0,1699875693
1,85.2276,20.7983,0,0,1699875693
1,88.8215,13.6678,0,0,1699875693
1,99.7122,1.17175,0,0,1699875693
1,152.799,18.0463,0,0,1699875693
1,148.756,20.3154,0,0,1699875693
1,74.1159,5.52935,0,0,1699875693
1,57.6511,4.17427,0,0,1699875693
1,72.3154,21.5905,0,0,1699875693
1,89.3605,21.1706,0,0,1699875693
1,90.4896,39.8169,0,0,1699875693
1,88.2896,23.9713,0,0,1699875693
1,101.59,7.50136,0,0,1699875693
1,76.5988,1.3916,0,0,1699875693
1,83.441,15.0902,0,0,1699875693
1,128.792,35.2834,0,0,1699875693
1,112.214,3.3863,0,0,1699875693
1,73.48,19.6658,0,0,1699875693
1,64.332,6.93353,0,0,1699875693
1,77.2831,0.262959,0,0,1699875693
1,111.164,20.448,0,0,1699875693
1,87.5001,1.49117,0,0,1699875693
1,69.3956,14.85,0,0,1699875693
1,106.331,16.999,0,0,1699875693
1,148.797,25.6798,0,0,1699875693
1,72.6126,3.15833,0,0,1699875693
1,103.198,19.9825,0,0,1699875693
1,69.2073,78.4922,0,0,1699875693
1,60.2182,38.5324,0,0,1699875693
1,85.8701,5.81519,0,0,1699875693
1,162.527,27.4499,0,0,1699875693
1,78.5879,4.73927,0,0,1699875693
1,110.225,26.2097,0,0,1699875693
1,63.5327,6.00986,0,0,1699875693
1,106.417,0.871585,0,0,1699875693
1,102.293,1.46074,0,0,1699875693
1,97.5251,4.23818,0,0,1699875693
1,71.5416,17.572,0,0,1699875693
1,91.6221,1.88193,0,0,1699875693
1,150.877,4.67914,0,0,1699875693
1,77.4638,17.6781,0,0,1699875693
1,80.6017,3.49616,0,0,1699875693
1,78.7236,15.6767,0,0,1699875693
1,59.2823,2.72625,0,0,1699875693
1,263.336,4.52937,0,0,1699875693
1,63.8761,16.6,0,0,1699875693
1,86.192,2.72242,0,0,1699875693
1,66.609,22.066,0,0,1699875693
1,40.3575,2.41589,0,0,1699875693
1,84.132,19.8483,0,0,1699875693
1,86.1236,11.1895,0,0,1699875693
1,63.64,8.74214,0,0,1699875693
1,75.3299,11.4092,0,0,1699875693
1,62.4979,18.4449,0,0,1699875693
1,85.6405,6.93367,0,0,1699875693
1,74.5089,21.5537,0,0,1699875693
1,92.365,18.3406,0,0,1699875693
1,89.2493,1.96407,0,0,1699875693
1,87.6943,2.98283,0,0,1699875693
1,83.8657,2.34301,0,0,1699875693
1,80.4248,3.61285,0,0,1699875693
1,83.4276,10.576,0,0,1699875693
1,82.5823,14.4208,0,0,1699875693
1,162.37,4.85152,0,0,1699875693
1,78.7956,5.34482,0,0,1699875693
1,124.928,6.27473,0,0,1699875693
1,109.061,0.763466,0,0,1699875693
1,79.15,18.4694,0,0,1699875693
1,73.5121,8.41496,0,0,1699875693
1,90.9114,4.73122,0,0,1699875693
1,127.063,8.65224,0,0,1699875693
1,93.1139,2.46392,0,0,1699875693
1,51.8658,29.8358,0,0,1699875693
1,82.2247,18.897,0,0,1699875693
1,70.0979,39.805,0,0,1699875693
1,54.8629,4.97768,0,0,1699875693
1,117.447,0.170014,0,0,1699875693
1,66.684,11.7826,0,0,1699875693
1,77.4583,7.86306,0,0,1699875693
1,66.1875,9.68086,0,0,1699875693
1,85.1916,21.2051,0,0,1699875693
1,66.6771,0.254825,0,0,1699875693
1,68.4388,0.402018,0,0,1699875693
1,75.4112,3.45662,0,0,1699875693
1,89.8021,2.42816,0,0,1699875693
1,101.066,8.11388,0,0,1699875693
1,95.1916,13.5899,0,0,1699875693
1,93.8188,4.90042,0,0,1699875693
1,84.0141,1.40784,0,0,1699875693
1,71.6142,2.41403,0,0,1699875693
1,62.6645,0.0469289,0,0,1699875693
1,88.7491,1.77505,0,0,1699875693
1,83.2893,8.97011,0,0,1699875693
1,103.703,4.51636,0,0,1699875693
1,74.4831,22.9656,0,0,1699875693
1,95.0328,5.01237,0,0,1699875693
1,102.764,11.1165,0,0,1699875693
1,81.6541,2.50675,0,0,1699875693
1,92.6289,1.90123,0,0,1699875693
1,99.6697,13.6317,0,0,1699875693
1,99.4983,14.5182,0,0,1699875693
1,100.994,8.70575,0,0,1699875693
1,113.133,7.94582,0,0,1699875693
1,97.2687,20.6828,0,0,1699875693
1,103.567,4.82183,0,0,1699875693
1,82.8698,22.0805,0,0,1699875693
1,88.8033,5.7386,0,0,1699875693
1,79.9831,8.50385,0,0,1699875693
1,58.8736,4.66971,0,0,1699875693
1,66.9255,16.3405,0,0,1699875693
1,78.797,7.93417,0,0,1699875693
1,92.7535,9.01778,0,0,1699875693
1,76.0104,11.7363,0,0,1699875693
1,72.8024,17.3396,0,0,1699875693
1,131.072,17.5499,0,0,1699875693
1,82.8601,1.68477,0,0,1699875693
1,77.3855,3.68024,0,0,1699875693
1,107.106,0.947019,0,0,1699875693
1,92.9537,7.92331,0,0,1699875693
1,133.561,17.584,0,0,1699875693
1,95.1391,12.3676,0,0,1699875693
1,95.5768,11.3486,0,0,1699875693
1,81.0431,18.1004,0,0,1699875693
1,88.1814,3.51191,0,0,1699875693
1,88.3469,4.82813,0,0,1699875693
1,85.3228,6.91974,0,0,1699875693
1,107.658,2.80166,0,0,1699875693
1,99.9077,10.9104,0,0,1699875693
1,82.0673,0.993735,0,0,1699875693
1,76.0197,11.5293,0,0,1699875693
1,82.4733,4.81309,0,0,1699875693
1,93.6865,6.98328,0,0,1699875693
1,85.0945,0.191651,0,0,1699875693
1,98.0421,16.0857,0,0,1699875693
1,82.4829,9.02859,0,0,1699875693
1,88.5243,24.8449,0,0,1699875693
1,88.6144,8.56736,0,0,1699875693
1,73.5193,13.5701,0,0,1699875693
1,71.9855,20.2981,0,0,1699875693
1,66.0518,19.4102,0,0,1699875693
1,113.465,3.89575,0,0,1699875693
1,76.676,5.85663,0,0,1699875693
1,88.1555,3.68099,0,0,1699875693
1,127.906,19.0326,0,0,1699875693
1,69.6353,5.0843,0,0,1699875693
1,60.0196,3.11194,0,0,1699875693
1,79.6684,13.2304,0,0,1699875693
1,88.6793,14.8395,0,0,1699875693
1,103.698,8.72471,0,0,1699875693
1,131.601,0.0303227,0,0,1699875693
1,93.3689,11.8284,0,0,1699875693
1,88.3664,4.95233,0,0,1699875693
1,72.4107,6.0756,0,0,1699875693
1,75.6147,18.1342,0,0,1699875693
1,73.442,15.4757,0,0,1699875693
1,104.839,13.8616,0,0,1699875693
1,92.9672,5.68329,0,0,1699875693
1,124.441,15.3627,0,0,1699875693
1,74.3749,9.41212,0,0,1699875693
1,82.5535,10.267,0,0,1699875693
1,88.3621,16.6183,0,0,1699875693
1,69.8393,3.27419,0,0,1699875693
1,76.2123,8.2801,0,0,1699875693
1,74.5984,34.2213,0,0,1699875693
1,66.5305,7.22413,0,0,1699875693
1,127.072,18.1938,0,0,1699875693
1,79.8155,4.735,0,0,1699875693
1,94.6321,14.8106,0,0,1699875693
1,74.0185,9.24267,0,0,1699875693
1,81.631,3.55387,0,0,1699875693
1,56.8078,7.49558,0,0,1699875693
1,94.8304,13.5342,0,0,1699875693
1,83.9873,28.4597,0,0,1699875693
1,80.8172,28.2573,0,0,1699875693
1,126.76,9.76055,0,0,1699875693
1,70.9332,0.624618,0,0,1699875693
1,91.2872,14.1712,0,0,1699875693
1,47.1942,15.9693,0,0,1699875693
1,48.8564,33.0956,0,0,1699875693
1,75.1591,11.893,0,0,1699875693
1,85.0724,11.4241,0,0,1699875693
1,86.8176,12.0791,0,0,1699875693
1,70.4713,2.35025,0,0,1699875693
1,94.6656,1.04821,0,0,1699875693
1,72.6272,3.69716,0,0,1699875693
1,94.8705,7.62186,0,0,1699875693
1,81.8279,10.9,0,0,1699875693
1,85.2449,9.76607,0,0,1699875693
1,91.0336,0.342385,0,0,1699875693
1,102.219,1.2509,0,0,1699875693
1,88.1037,4.52835,0,0,1699875693
1,104.745,6.64588,0,0,1699875693
1,81.9495,32.6178,0,0,1699875693
1,71.9282,7.24125,0,0,1699875693
1,97.6126,4.00597,0,0,1699875693
1,67.3549,19.8992,0,0,1699875693
1,89.8541,1.12097,0,0,1699875693
1,88.2231,11.922,0,0,1699875693
1,70.0052,26.8875,0,0,1699875693
1,52.8804,15.9565,0,0,1699875693
1,63.5033,4.24897,0,0,1699875693
1,97.0243,3.44851,0,0,1699875693
1,89.0717,7.611,0,0,1699875693
1,58.3934,11.1293,0,0,1699875693
1,69.2963,2.84269,0,0,1699875693
1,75.7897,9.43824,0,0,1699875693
1,76.4641,6.67829,0,0,1699875693
1,69.4251,16.2276,0,0,1699875693
1,104.394,49.7906,0,0,1699875693
1,86.0557,10.6685,0,0,1699875693
1,48.709,7.18381,0,0,1699875693
1,108.056,13.1293,0,0,1699875693
1,69.8726,34.3677,0,0,1699875693
1,61.0429,8.7599,0,0,1699875693
1,74.5025,12.1043,0,0,1699875693
1,78.1399,15.1519,0,0,1699875694
1,80.145,16.7161,0,0,1699875694
1,142.465,7.27189,0,0,1699875694
1,139.363,9.63138,0,0,1699875694
1,104.99,21.4189,0,0,1699875694
1,72.8395,8.96622,0,0,1699875694
1,94.3116,12.4948,0,0,1699875694
1,128.208,19.388,0,0,1699875694
1,114.319,36.8447,0,0,1699875694
1,81.3456,2.58909,0,0,1699875694
1,72.7785,9.51156,0,0,1699875694
1,92.4862,16.7322,0,0,1699875694
1,89.6301,8.42436,0,0,1699875694
1,66.0013,2.96295,0,0,1699875694
1,68.4876,1.98598,0,0,1699875694
1,90.7364,27.2321,0,0,1699875694
1,92.2983,1.50458,0,0,1699875694
1,84.8905,5.34412,0,0,1699875694
1,102.404,0.767799,0,0,1699875694
1,74.3152,11.4094,0,0,1699875694
1,99.7175,2.54996,0,0,1699875694
1,83.7435,5.05453,0,0,1699875694
1,77.7511,6.95699,0,0,1699875694
1,85.6182,7.88679,0,0,1699875694
1,94.8556,0.448123,0,0,1699875694
1,101.137,0.572126,0,0,1699875694
1,72.7505,1.12754,0,0,1699875694
1,104.282,20.4407,0,0,1699875694
1,82.2512,24.2875,0,0,1699875694
1,112.233,10.373,0,0,1699875694
1,98.256,11.3723,0,0,1699875694
1,69.9015,23.2371,0,0,1699875694
1,69.0482,0.723135,0,0,1699875694
1,65.1244,3.05412,0,0,1699875694
1,73.2961,18.5814,0,0,1699875694
1,96.2263,4.77706,0,0,1699875694
1,59.0782,6.36439,0,0,1699875694
1,75.8232,0.961361,0,0,1699875694
1,92.2921,8.67577,0,0,1699875694
1,118.528,7.72036,0,0,1699875694
1,73.0999,10.1117,0,0,1699875694
1,82.0841,27.7769,0,0,1699875694
1,58.5392,49.239,0,0,1699875694
1,104.291,23.3772,0,0,1699875694
1,83.7214,14.568,0,0,1699875694
1,96.8912,7.97248,0,0,1699875694
1,111.221,28.1807,0,0,1699875694
1,120.813,13.5411,0,0,1699875694
1,81.3848,13.6403,0,0,1699875694
1,130.298,6.30463,0,0,1699875694
1,60.6589,16.3411,0,0,1699875694
1,86.7184,17.5726,0,0,1699875694
1,105.96,10.1199,0,0,1699875694
1,63.3396,6.3088,0,0,1699875694
1,115.328,3.77784,0,0,1699875694
1,108.131,9.92727,0,0,1699875694
1,74.5968,13.7798,0,0,1699875694
1,83.2639,3.35287,0,0,1699875694
1,76.5722,3.18673,0,0,1699875694
1,91.6925,7.38502,0,0,1699875694
1,114.27,12.6077,0,0,1699875694
1,79.9579,7.97117,0,0,1699875694
1,66.4063,18.3322,0,0,1699875694
1,63.6997,30.61,0,0,1699875694
1,216.352,0.571152,0,0,1699875694
1,80.4239,15.5764,0,0,1699875694
1,73.057,9.23732,0,0,1699875694
1,83.656,8.49144,0,0,1699875694
1,88.7857,3.3912,0,0,1699875694
1,88.5261,0.784042,0,0,1699875694
1,103.996,8.33078,0,0,1699875694
1,93.3742,2.65572,0,0,1699875694
1,63.6212,11.0527,0,0,1699875694
1,84.7898,20.476,0,0,1699875694
1,94.7113,4.44963,0,0,1699875694
1,71.9685,7.16246,0,0,1699875694
1,91.8555,4.47595,0,0,1699875694
1,90.1977,1.43682,0,0,1699875694
1,91.5837,0.198257,0,0,1699875694
1,99.6169,16.5149,0,0,1699875694
1,107.008,18.7295,0,0,1699875694
1,67.5259,6.32621,0,0,1699875694
1,98.5395,9.17223,0,0,1699875694
1,91.2504,4.52009,0,0,1699875694
1,73.9754,68.0284,0,0,1699875694
1,34.1107,20.944,0,0,1699875694
1,87.4838,14.3648,0,0,1699875694
1,77.449,5.9418,0,0,1699875694
1,88.5848,4.548,0,0,1699875694
1,47.8439,2.57589,0,0,1699875694
1,148.045,2.5304,0,0,1699875694
1,98.4932,11.2671,0,0,1699875694
1,91.8113,21.987,0,0,1699875694
1,66.6321,4.65292,0,0,1699875694
1,64.429,19.9305,0,0,1699875694
1,85.0181,12.7783,0,0,1699875694
1,85.1197,12.3887,0,0,1699875694
1,105.924,11.7961,0,0,1699875694
1,64.0033,2.88033,0,0,1699875694
1,62.3745,7.93429,0,0,1699875694
1,83.8419,10.8906,0,0,1699875694
1,87.2092,8.2615,0,0,1699875694
1,82.4528,3.18078,0,0,1699875694
1,76.9703,6.71493,0,0,1699875694
1,75.1321,12.812,0,0,1699875694
1,89.9695,1.24103,0,0,1699875694
1,71.6094,2.03308,0,0,1699875694
1,82.9801,0.0217464,0,0,1699875694
1,88.2017,16.0835,0,0,1699875694
1,60.4193,2.94478,0,0,1699875694
1,87.0602,12.4136,0,0,1699875694
1,86.1424,1.25772,0,0,1699875694
1,73.9605,3.76933,0,0,1699875694
1,88.7293,1.60813,0,0,1699875694
1,78.1464,12.1071,0,0,1699875694
1,80.5603,2.10247,0,0,1699875694
1,103.249,3.18067,0,0,1699875694
1,103.505,11.5245,0,0,1699875694
1,43.2153,36.8196,0,0,1699875694
1,111.01,2.91067,0,0,1699875694
1,96.3114,2.25405,0,0,1699875694
1,79.8253,4.74523,0,0,1699875694
1,128.297,121.795,0,0,1699875694
1,189.051,59.3362,0,0,1699875694
1,76.1755,36.6488,0,0,1699875694
1,136.994,19.9437,0,0,1699875694
1,110.541,15.4304,0,0,1699875694
1,513.541,20.1922,0,0,1699875694
1,88.1486,13.7689,0,0,1699875694
1,60.5512,2.69243,0,0,1699875694
1,89.8117,7.32249,0,0,1699875694
1,98.3181,3.61237,0,0,1699875694
1,78.8389,11.9277,0,0,1699875694
1,174.105,10.9836,0,0,1699875694
1,151.94,64.0271,0,0,1699875694
1,40.7685,11.6448,0,0,1699875694
1,95.0543,1.80751,0,0,1699875694
1,83.7544,22.721,0,0,1699875694
1,122.946,69.5176,0,0,1699875694
1,51.2148,1.21552,0,0,1699875694
1,67.5505,10.1327,0,0,1699875694
1,95.4696,14.1352,0,0,1699875694
1,83.5718,27.1728,0,0,1699875694
1,38.2998,9.83902,0,0,1699875694
1,122.631,17.9109,0,0,1699875694
1,114.849,27.4741,0,0,1699875694
1,94.8503,3.71872,0,0,1699875694
1,94.4608,100.766,0,0,1699875694
1,111.011,101.08,0,0,1699875694
1,75.798,5.25599,0,0,1699875694
1,71.5067,8.34045,0,0,1699875694
1,84.9016,15.5755,0,0,1699875694
1,77.3324,15.209,0,0,1699875694
1,160.398,8.21474,0,0,1699875694
1,102.507,10.7352,0,0,1699875694
1,83.0057,7.47095,0,0,1699875694
1,97.352,0.539525,0,0,1699875694
1,93.1685,4.8073,0,0,1699875694
1,94.9567,2.06778,0,0,1699875694
1,122.907,1.70108,0,0,1699875694
1,70.1609,8.89392,0,0,1699875694
1,65.9918,11.0535,0,0,1699875694
1,99.8417,9.03082,0,0,1699875694
1,110.745,23.7627,0,0,1699875694
1,79.7178,15.8514,0,0,1699875694
1,76.0044,27.9156,0,0,1699875694
1,90.0001,23.836,0,0,1699875694
1,75.1003,9.09663,0,0,1699875694
1,109.391,7.4431,0,0,1699875694
1,92.4027,59.9934,0,0,1699875694
1,120.479,6.72718,0,0,1699875694
1,84.8079,8.61649,0,0,1699875694
1,61.45,24.2464,0,0,1699875694
1,96.4958,10.0638,0,0,1699875694
1,72.1345,22.0247,0,0,1699875694
1,112.71,1.2943,0,0,1699875694
1,156.791,18.4385,0,0,1699875694
1,93.7478,17.8326,0,0,1699875694
1,68.9974,12.1589,0,0,1699875694
1,90.6575,1.91079,0,0,1699875694
1,96.4479,13.528,0,0,1699875694
1,69.3136,18.3285,0,0,1699875694
1,103.147,38.4599,0,0,1699875694
1,63.3741,8.23527,0,0,1699875694
1,182.484,3.7298,0,0,1699875694
1,96.8128,10.1394,0,0,1699875694
1,74.3084,7.65391,0,0,1699875694
1,89.6392,5.69433,0,0,1699875694
1,72.8559,3.94946,0,0,1699875694
1,95.2945,14.2981,0,0,1699875694
1,84.6768,9.30856,0,0,1699875694
1,87.2177,29.8431,0,0,1699875694
1,125.255,3.26477,0,0,1699875694
1,107.118,1.7807,0,0,1699875694
1,96.3683,23.7999,0,0,1699875694
1,95.164,19.9423,0,0,1699875694
1,79.9835,4.15224,0,0,1699875694
1,77.235,8.63514,0,0,1699875694
1,77.4489,4.82654,0,0,1699875694
1,96.3183,5.58832,0,0,1699875694
1,103.859,0.974258,0,0,1699875694
1,78.6276,1.3867,0,0,1699875694
1,96.7411,8.77724,0,0,1699875694
1,92.3769,3.84557,0,0,1699875694
1,88.7991,0.233001,0,0,1699875694
1,99.6686,13.8408,0,0,1699875694
1,103.157,12.4591,0,0,1699875694
1,71.6867,10.2383,0,0,1699875694
1,93.9496,4.73149,0,0,1699875694
1,115.119,0.0681783,0,0,1699875694
1,81.9539,2.16046,0,0,1699875694
1,106.41,2.20983,0,0,1699875694
1,104.738,1.36226,0,0,1699875694
1,99.6812,4.92459,0,0,1699875694
1,80.8438,9.34912,0,0,1699875694
1,91.8138,9.21248,0,0,1699875694
1,78.5043,1.16838,0,0,1699875694
1,91.547,13.6642,0,0,1699875694
1,86.9313,3.33926,0,0,1699875694
1,81.0608,5.07579,0,0,1699875694
1,85.3786,8.80169,0,0,1699875694
1,94.0266,0.430411,0,0,1699875694
1,63.5637,14.1919,0,0,1699875694
1,95.4744,44.0224,0,0,1699875694
1,57.9696,72.1871,0,0,1699875694
1,72.6278,9.50622,0,0,1699875694
1,92.3176,9.42382,0,0,1699875694
1,120.127,24.0808,0,0,1699875694
1,76.8154,0.732995,0,0,1699875694
1,60.7575,15.9281,0,0,1699875694
1,50.4354,11.6624,0,0,1699875694
1,85.0078,24.644,0,0,1699875694
1,64.6229,2.12825,0,0,1699875694
1,101.206,3.82932,0,0,1699875694
1,78.5189,7.05956,0,0,1699875694
1,67.6416,2.01282,0,0,1699875694
1,75.4861,6.51538,0,0,1699875694
1,140.443,23.293,0,0,1699875694
1,51.7746,5.8407,0,0,1699875694
1,84.9521,9.64521,0,0,1699875694
1,110.375,13.7615,0,0,1699875694
1,94.5171,0.0261659,0,0,1699875694
1,97.2935,1.48818,0,0,1699875694
1,77.3621,5.46881,0,0,1699875694
1,100.573,6.47361,0,0,1699875694
1,120.32,4.84766,0,0,1699875694
1,87.1264,13.9106,0,0,1699875694
1,252.26,17.1932,0,0,1699875694
1,102.67,2.17736,0,0,1699875694
1,106.288,14.564,0,0,1699875694
1,94.4947,16.7362,0,0,1699875694
1,90.1549,35.5449,0,0,1699875694
1,79.2457,32.0537,0,0,1699875694
1,63.4302,9.33869,0,0,1699875694
1,48.0165,12.7291,0,0,1699875694
1,144.944,8.60567,0,0,1699875694
1,85.5658,23.2266,0,0,1699875694
1,53.473,7.21536,0,0,1699875694
1,85.1194,12.105,0,0,1699875694
1,85.063,7.58413,0,0,1699875694
1,82.967,8.81607,0,0,1699875694
1,82.8553,33.3841,0,0,1699875694
1,85.3903,4.76839,0,0,1699875694
1,64.3089,20.3863,0,0,1699875694
1,57.086,7.80701,0,0,1699875694
1,110.014,24.6774,0,0,1699875694
1,93.992,7.19225,0,0,1699875694
1,90.9501,5.18166,0,0,1699875694
1,95.0643,1.27877,0,0,1699875694
1,70.926,19.1174,0,0,1699875694
1,82.9607,24.0127,0,0,1699875694
1,79.3697,13.8977,0,0,1699875694
1,57.3802,14.1644,0,0,1699875694
1,70.8878,1.8495,0,0,1699875694
1,72.1068,7.57072,0,0,1699875694
1,94.421,48.2418,0,0,1699875694
1,85.8405,11.5471,0,0,1699875694
1,78.453,14.4294,0,0,1699875694
1,61.6331,8.3782,0,0,1699875694
1,82.8629,6.72193,0,0,1699875694
1,86.0359,5.65236,0,0,1699875694
1,94.3956,12.444,0,0,1699875694
1,95.0108,2.4936,0,0,1699875694
1,68.237,3.87137,0,0,1699875694
1,61.8103,30.7614,0,0,1699875694
1,157.875,5.83756,0,0,1699875694
1,74.4491,0.517147,0,0,1699875694
1,74.1219,62.6642,0,0,1699875694
1,71.4469,19.8782,0,0,1699875694
1,52.7626,33.5699,0,0,1699875694
1,93.7448,12.1571,0,0,1699875694
1,86.7467,31.1284,0,0,1699875694
1,75.7875,6.94656,0,0,1699875694
1,67.3505,0.393607,0,0,1699875694
1,69.727,0.756586,0,0,1699875694
1,83.2222,16.7974,0,0,1699875694
1,108.81,6.64398,0,0,1699875694
1,97.2307,9.13174,0,0,1699875694
1,72.179,3.18038,0,0,1699875694
1,91.4438,9.77319,0,0,1699875694
1,76.3029,8.8144,0,0,1699875694
1,79.4242,8.13627,0,0,1699875694
1,115.79,23.9994,0,0,1699875694
1,103.751,29.6351,0,0,1699875694
1,99.3894,15.8585,0,0,1699875694
1,110.725,23.3391,0,0,1699875694
1,111.769,50.3153,0,0,1699875694
1,75.6273,4.23369,0,0,1699875694
1,58.0515,11.6679,0,0,1699875694
1,75.1589,2.06528,0,0,1699875694
1,72.768,12.4744,0,0,1699875694
1,116.575,21.5381,0,0,1699875694
1,83.7868,3.92573,0,0,1699875694
1,76.6645,3.95144,0,0,1699875694
1,75.3639,10.33,0,0,1699875694
1,93.4642,43.2381,0,0,1699875694
1,85.0852,26.1108,0,0,1699875694
1,99.5699,8.61928,0,0,1699875694
1,67.2783,8.61463,0,0,1699875694
1,93.4549,80.0491,0,0,1699875694
1,101.594,7.54526,0,0,1699875694
1,78.0547,4.76108,0,0,1699875694
1,86.1036,5.43481,0,0,1699875694
1,200.398,35.2882,0,0,1699875694
1,93.7862,9.25684,0,0,1699875694
1,87.258,28.3966,0,0,1699875694
1,93.8128,3.79438,0,0,1699875694
1,94.3418,12.7884,0,0,1699875694
1,89.3337,20.7896,0,0,1699875694
1,75.4219,15.55,0,0,1699875694
1,85.5493,7.54929,0,0,1699875694
1,69.3201,10.5463,0,0,1699875694
1,116.823,10.7427,0,0,1699875694
1,119.37,9.2948,0,0,1699875694
1,75.8675,24.4108,0,0,1699875694
1,82.2037,3.78391,0,0,1699875694
1,81.5533,18.9606,0,0,1699875694
1,98.8872,63.8102,0,0,1699875694
1,118.594,4.05265,0,0,1699875694
1,73.8659,6.84203,0,0,1699875694
1,74.663,10.2661,0,0,1699875694
1,84.157,14.5778,0,0,1699875694
1,114.965,5.69405,0,0,1699875694
1,77.58,8.17246,0,0,1699875694
1,41.0999,17.0709,0,0,1699875694
1,103.203,22.3264,0,0,1699875694
1,102.749,15.9062,0,0,1699875694
1,112.976,15.2699,0,0,1699875694
1,65.98,12.8581,0,0,1699875694
1,87.0197,15.533,0,0,1699875694
1,78.6472,9.17392,0,0,1699875694
1,87.0485,12.7644,0,0,1699875694
1,87.434,7.32026,0,0,1699875694
1,65.3008,6.86786,0,0,1699875694
1,68.0533,94.2328,0,0,1699875694
1,76.0867,17.32,0,0,1699875694
1,109.857,5.51612,0,0,1699875694
1,99.1571,27.2681,0,0,1699875694
1,83.4803,2.04391,0,0,1699875694
1,81.1024,63.2808,0,0,1699875694
1,331.103,58.422,0,0,1699875694
1,89.6406,3.37646,0,0,1699875694
1,59.417,10.9494,0,0,1699875694
1,91.8742,27.4524,0,0,1699875694
1,99.4742,0.289818,0,0,1699875694
1,101.888,29.3627,0,0,1699875694
1,88.3019,4.32499,0,0,1699875694
1,97.0343,0.106994,0,0,1699875694
1,80.7011,13.8419,0,0,1699875694
1,78.0606,10.4103,0,0,1699875694
1,137.293,1.73117,0,0,1699875694
1,102.082,4.47468,0,0,1699875694
1,92.5898,11.8518,0,0,1699875694
1,51.9418,6.77785,0,0,1699875694
1,84.379,6.11722,0,0,1699875694
1,89.4617,19.7719,0,0,1699875694
1,96.8686,22.3655,0,0,1699875694
1,85.7822,0.132145,0,0,1699875694
1,61.3237,21.4359,0,0,1699875694
1,119.092,40.54,0,0,1699875694
1,36.8934,14.3764,0,0,1699875694
1,91.51,24.8809,0,0,1699875694
1,66.8691,27.6887,0,0,1699875694
1,76.8513,31.349,0,0,1699875694
1,70.616,15.6995,0,0,1699875694
1,164.348,53.9606,0,0,1699875694
1,112.556,44.1837,0,0,1699875694
1,64.7815,24.0844,0,0,1699875694
1,92.3808,1.37648,0,0,1699875694
1,96.7617,10.9125,0,0,1699875694
1,88.8705,4.29418,0,0,1699875694
1,112.678,49.8741,0,0,1699875694
1,102.377,9.1266,0,0,1699875694
1,77.8961,24.1148,0,0,1699875694
1,242.233,16.1831,0,0,1699875694
1,222.525,14.6396,0,0,1699875694
1,78.4438,24.4442,0,0,1699875694
1,91.3545,0.906258,0,0,1699875694
1,73.2859,1.55691,0,0,1699875694
1,84.4301,25.0836,0,0,1699875694
1,77.8665,9.29514,0,0,1699875694
1,76.4251,15.7446,0,0,1699875694
1,103.593,10.2719,0,0,1699875694
1,85.1178,4.63045,0,0,1699875694
1,80.5093,14.3784,0,0,1699875694
1,87.0114,13.3773,0,0,1699875694
1,85.7376,0.589082,0,0,1699875694
1,77.8273,38.9729,0,0,1699875694
1,45.2341,17.0946,0,0,1699875694
1,77.1578,34.5396,0,0,1699875694
1,48.5838,6.36309,0,0,1699875694
1,93.0569,44.6534,0,0,1699875694
1,97.4713,5.19814,0,0,1699875694
1,104.436,57.9833,0,0,1699875694
1,74.2658,9.96971,0,0,1699875694
1,87.7717,28.7979,0,0,1699875694
1,87.1973,14.2799,0,0,1699875694
1,88.8987,39.1922,0,0,1699875694
1,110.264,4.23137,0,0,1699875694
1,93.1902,53.5474,0,0,1699875694
1,78.8277,3.92275,0,0,1699875694
1,81.2135,11.1554,0,0,1699875694
1,77.4257,3.05814,0,0,1699875694
1,73.2198,4.59855,0,0,1699875694
1,50.6285,39.2634,0,0,1699875694
1,83.0014,29.5049,0,0,1699875694
1,126.393,21.3605,0,0,1699875694
1,126.967,2.68735,0,0,1699875694
1,85.681,16.4674,0,0,1699875694
1,42.4132,13.8932,0,0,1699875694
1,94.8529,2.53614,0,0,1699875694
1,77.3719,20.8443,0,0,1699875694
1,75.528,8.71414,0,0,1699875694
1,64.5108,47.607,0,0,1699875694
1,101.764,47.5784,0,0,1699875694
1,76.3859,1.39765,0,0,1699875694
1,110.833,5.00582,0,0,1699875694
1,82.2871,2.99551,0,0,1699875694
1,173.077,43.4469,0,0,1699875694
1,24.8547,14.2481,0,0,1699875694
1,167.163,37.7361,0,0,1699875694
1,92.1126,53.7937,0,0,1699875694
1,67.4794,9.1208,0,0,1699875694
1,71.3279,31.8706,0,0,1699875694
1,55.1246,4.30321,0,0,1699875694
1,79.4731,8.02135,0,0,1699875694
1,99.8534,15.005,0,0,1699875694
1,67.9719,0.637432,0,0,1699875694
1,82.1072,21.2666,0,0,1699875694
1,76.5502,52.9301,0,0,1699875694
1,45.8451,3.05678,0,0,1699875694
1,78.2964,93.6398,0,0,1699875694
1,87.5207,44.248,0,0,1699875694
1,92.0555,2.68554,0,0,1699875694
1,92.7256,20.7527,0,0,1699875694
1,56.6372,27.0286,0,0,1699875694
1,64.8163,6.71805,0,0,1699875694
1,77.9201,44.5308,0,0,1699875694
1,56.3923,3.01998,0,0,1699875694
1,56.7924,9.1154,0,0,1699875694
1,231.754,1.47256,0,0,1699875694
1,76.7206,5.35395,0,0,1699875694
1,79.6209,8.09396,0,0,1699875694
1,78.2492,36.8935,0,0,1699875694
1,78.4941,7.66937,0,0,1699875694
1,118.777,39.5985,0,0,1699875694
1,82.0503,8.69007,0,0,1699875694
1,76.3221,9.78903,0,0,1699875694
1,69.1024,5.4439,0,0,1699875694
1,28.0769,8.74872,0,0,1699875694
1,64.299,16.3463,0,0,1699875694
1,100.028,31.0675,0,0,1699875694
1,119.538,20.3378,0,0,1699875694
1,68.8774,15.4787,0,0,1699875694
1,65.3266,25.612,0,0,1699875694
1,64.7454,9.20292,0,0,1699875694
1,110.26,35.5685,0,0,1699875694
1,55.5205,4.79049,0,0,1699875694
1,78.257,17.997,0,0,1699875694
1,81.5594,12.8047,0,0,1699875694
1,90.084,6.08084,0,0,1699875694
1,83.2769,1.7943,0,0,1699875694
1,109.734,33.3009,0,0,1699875694
1,119.516,1.53715,0,0,1699875694
1,83.9501,4.02096,0,0,1699875694
1,67.07,11.4055,0,0,1699875694
1,82.4463,7.47087,0,0,1699875694
1,57.164,33.4017,0,0,1699875694
1,67.7062,31.0864,0,0,1699875694
1,83.2632,27.9042,0,0,1699875694
1,107.613,19.0885,0,0,1699875694
1,108.67,4.77853,0,0,1699875694
1,91.271,19.6654,0,0,1699875694
1,83.8515,4.64643,0,0,1699875694
1,80.4751,2.60761,0,0,1699875694
1,86.5999,51.0075,0,0,1699875694
1,139.108,30.733,0,0,1699875694
1,54.0596,24.691,0,0,1699875694
1,136.677,0.65099,0,0,1699875694
1,142.056,21.6626,0,0,1699875694
1,75.9049,9.80898,0,0,1699875695
1,84.8314,31.2204,0,0,1699875695
1,33.234,20.9028,0,0,1699875695
1,76.2746,25.3213,0,0,1699875695
1,320.026,33.0961,0,0,1699875695
1,309.517,22.1417,0,0,1699875695
1,93.6575,15.3164,0,0,1699875695
1,91.0592,7.77039,0,0,1699875695
1,79.9896,7.00154,0,0,1699875695
1,74.7412,12.1887,0,0,1699875695
1,109.175,24.71,0,0,1699875695
1,87.5003,35.9121,0,0,1699875695
1,58.9216,6.76823,0,0,1699875695
1,64.6531,16.462,0,0,1699875695
1,68.7835,19.9216,0,0,1699875695
1,201.289,5.71625,0,0,1699875695
1,71.7859,5.44614,0,0,1699875695
1,68.7942,25.9349,0,0,1699875695
1,53.2851,9.25722,0,0,1699875695
1,28.2154,14.8464,0,0,1699875695
1,82.5312,31.1446,0,0,1699875695
1,87.715,0.214589,0,0,1699875695
1,49.7528,33.0619,0,0,1699875695
1,120.26,19.7331,0,0,1699875695
1,107.919,26.3315,0,0,1699875695
1,81.8046,13.0128,0,0,1699875695
1,111.907,3.54772,0,0,1699875695
1,133.021,3.66584,0,0,1699875695
1,73.0229,22.3195,0,0,1699875695
1,62.1139,16.9116,0,0,1699875695
1,112.815,9.43768,0,0,1699875695
1,94.6269,15.9363,0,0,1699875695
1,46.9775,2.30611,0,0,1699875695
1,56.554,37.1068,0,0,1699875695
1,92.1806,0.54596,0,0,1699875695
1,577.503,26.9383,0,0,1699875695
1,76.5921,8.95098,0,0,1699875695
1,90.7959,9.45469,0,0,1699875695
1,40.7414,25.4776,0,0,1699875695
1,77.8262,16.3809,0,0,1699875695
1,89.2304,7.57442,0,0,1699875695
1,90.1065,32.2551,0,0,1699875695
1,64.3585,10.8421,0,0,1699875695
1,82.0645,37.5844,0,0,1699875695
1,60.7467,13.6218,0,0,1699875695
1,85.8632,17.9296,0,0,1699875695
1,99.231,2.72982,0,0,1699875695
1,131.224,12.9214,0,0,1699875695
1,85.8573,2.15024,0,0,1699875695
1,79.564,35.1842,0,0,1699875695
1,204.916,2.13045,0,0,1699875695
1,88.84,30.7974,0,0,1699875695
1,127.169,46.0374,0,0,1699875695
1,77.1234,29.8709,0,0,1699875695
1,177.434,1.60573,0,0,1699875695
1,129.305,12.045,0,0,1699875695
1,72.9183,1.90931,0,0,1699875695
1,106.021,13.549,0,0,1699875695
1,120.562,12.9359,0,0,1699875695
1,122.409,8.26241,0,0,1699875695
1,29.3166,0.402749,0,0,1699875695
1,83.031,6.88802,0,0,1699875695
1,104.737,30.6342,0,0,1699875695
1,93.3923,5.01577,0,0,1699875695
1,132.585,6.74232,0,0,1699875695
1,63.7373,25.4503,0,0,1699875695
1,137.09,0.72441,0,0,1699875695
1,69.0934,9.66041,0,0,1699875695
1,78.6022,8.10233,0,0,1699875695
1,94.3251,24.603,0,0,1699875695
1,30.7803,25.5713,0,0,1699875695
1,65.5118,3.11811,0,0,1699875695
1,94.1994,3.76752,0,0,1699875695
1,93.5593,14.7193,0,0,1699875695
1,62.6231,2.78982,0,0,1699875695
1,102.541,14.3508,0,0,1699875695
1,101.573,3.02188,0,0,1699875695
1,69.8908,26.886,0,0,1699875695
1,91.8636,17.4659,0,0,1699875695
1,53.8718,49.9287,0,0,1699875695
1,89.6379,26.2677,0,0,1699875695
1,103.145,11.6853,0,0,1699875695
1,88.7072,37.2654,0,0,1699875695
1,69.0326,40.2623,0,0,1699875695
1,96.3382,15.5325,0,0,1699875695
1,48.4629,1.20761,0,0,1699875695
1,72.849,29.7268,0,0,1699875695
1,69.7025,26.2332,0,0,1699875695
1,66.998,0.540983,0,0,1699875695
1,102.525,28.7607,0,0,1699875695
1,73.2115,5.49035,0,0,1699875695
1,94.0652,13.3797,0,0,1699875695
1,163.267,1.42769,0,0,1699875695
1,90.3537,0.673166,0,0,1699875695
1,66.415,22.0859,0,0,1699875695
1,88.0374,0.125783,0,0,1699875695
1,72.5865,33.5437,0,0,1699875695
1,111.457,9.59753,0,0,1699875695
1,159.164,14.0638,0,0,1699875695
1,76.7062,21.2178,0,0,1699875695
1,85.9692,1.88821,0,0,1699875695
1,76.2316,3.79273,0,0,1699875695
1,50.7437,7.53239,0,0,1699875695
1,75.8705,14.9288,0,0,1699875695
1,115.956,8.94868,0,0,1699875695
1,87.5707,0.672912,0,0,1699875695
1,98.1453,9.91838,0,0,1699875695
1,86.9668,8.92414,0,0,1699875695
1,122.239,4.92036,0,0,1699875695
1,63.9815,18.6621,0,0,1699875695
1,55.2643,3.01993,0,0,1699875695
1,105.936,10.1517,0,0,1699875695
1,82.131,0.994337,0,0,1699875695
1,96.2012,13.0616,0,0,1699875695
1,89.3983,18.3514,0,0,1699875695
1,132.311,1.41853,0,0,1699875695
1,56.207,10.0632,0,0,1699875695
1,80.6146,45.9039,0,0,1699875695
1,72.9825,5.4979,0,0,1699875695
1,75.1121,7.51515,0,0,1699875695
1,92.3894,7.73257,0,0,1699875695
1,94.0185,21.7626,0,0,1699875695
1,91.6981,3.41155,0,0,1699875695
1,77.4466,13.1088,0,0,1699875695
1,95.4923,1.76849,0,0,1699875695
1,84.6079,7.5263,0,0,1699875695
1,90.2913,18.3464,0,0,1699875695
1,109.281,27.3316,0,0,1699875695
1,63.8947,31.3388,0,0,1699875695
1,97.3745,4.24611,0,0,1699875695
1,82.4557,14.3192,0,0,1699875695
1,83.1556,25.1206,0,0,1699875695
1,110.215,12.084,0,0,1699875695
1,77.884,16.844,0,0,1699875695
1,69.0058,5.72521,0,0,1699875695
1,96.077,7.41158,0,0,1699875695
1,88.6111,2.55167,0,0,1699875695
1,102.615,16.5057,0,0,1699875695
1,99.5801,7.52274,0,0,1699875695
1,74.2604,26.7124,0,0,1699875695
1,85.5703,2.08546,0,0,1699875695
1,99.5755,10.3722,0,0,1699875695
1,78.0336,1.12832,0,0,1699875695
1,77.1759,10.1937,0,0,1699875695
1,99.0968,9.04525,0,0,1699875695
1,66.61,37.0087,0,0,1699875695
1,60.1149,37.1224,0,0,1699875695
1,58.2567,22.5772,0,0,1699875695
1,53.0932,6.61549,0,0,1699875695
1,91.0866,31.6077,0,0,1699875695
1,68.5311,10.6679,0,0,1699875695
1,103.823,6.75504,0,0,1699875695
1,81.7224,50.411,0,0,1699875695
1,109.391,12.6963,0,0,1699875695
1,46.5973,20.3199,0,0,1699875695
1,148.071,34.1698,0,0,1699875695
1,59.2596,3.45474,0,0,1699875695
1,96.1293,1.46482,0,0,1699875695
1,42.5545,40.1082,0,0,1699875695
1,44.7245,8.34425,0,0,1699875695
1,65.0801,10.4606,0,0,1699875695
1,92.7329,2.45092,0,0,1699875695
1,66.0174,10.7628,0,0,1699875695
1,56.9132,28.3198,0,0,1699875695
1,86.0435,4.46219,0,0,1699875695
1,90.9787,4.96131,0,0,1699875695
1,109.625,2.14103,0,0,1699875695
1,77.2966,27.2766,0,0,1699875695
1,70.2848,15.4018,0,0,1699875695
1,40.6586,9.18443,0,0,1699875695
1,115.048,11.8638,0,0,1699875695
1,83.9832,21.7811,0,0,1699875695
1,91.5457,25.6733,0,0,1699875695
1,107.807,2.93937,0,0,1699875695
1,162.434,13.2745,0,0,1699875695
1,56.255,2.64824,0,0,1699875695
1,89.3098,6.56383,0,0,1699875695
1,53.6251,8.2476,0,0,1699875695
1,115.311,1.82454,0,0,1699875695
1,73.0195,2.88862,0,0,1699875695
1,58.0814,1.12202,0,0,1699875695
1,80.6244,13.2976,0,0,1699875695
1,93.3939,8.30197,0,0,1699875695
1,60.2651,16.6133,0,0,1699875695
1,49.1879,18.7711,0,0,1699875695
1,52.4783,2.21181,0,0,1699875695
1,65.8094,148.487,0,0,1699875695
1,165.777,35.041,0,0,1699875695
1,53.0648,19.3444,0,0,1699875695
1,62.2703,36.2591,0,0,1699875695
1,54.4149,11.3806,0,0,1699875695
1,94.4474,38.0403,0,0,1699875695
1,93.1585,1.61252,0,0,1699875695
1,95.4915,22.4221,0,0,1699875695
1,58.6271,3.54303,0,0,1699875695
1,64.866,3.13561,0,0,1699875695
1,87.6513,3.3681,0,0,1699875695
1,103.151,12.4896,0,0,1699875695
1,107.092,37.9928,0,0,1699875695
1,62.5381,17.2079,0,0,1699875695
1,65.6381,17.3789,0,0,1699875695
1,141.91,44.702,0,0,1699875695
1,82.1366,21.8491,0,0,1699875695
1,143.962,7.8968,0,0,1699875695
1,84.3032,15.133,0,0,1699875695
1,154.873,7.71893,0,0,1699875695
1,75.4279,17.9951,0,0,1699875695
1,50.0729,1.71031,0,0,1699875695
1,94.4693,35.2184,0,0,1699875695
1,86.7805,30.2637,0,0,1699875695
1,78.0925,11.5398,0,0,1699875695
1,90.7717,8.06792,0,0,1699875695
1,111.537,3.40867,0,0,1699875695
1,150.202,50.7403,0,0,1699875695
1,37.3501,87.6033,0,0,1699875695
1,96.8082,28.1119,0,0,1699875695
1,69.6586,30.488,0,0,1699875695
1,78.3258,4.58033,0,0,1699875695
1,72.7448,108.123,0,0,1699875695
1,35.3694,24.5742,0,0,1699875695
1,109.144,3.12708,0,0,1699875695
1,81.6749,10.2094,0,0,1699875695
1,83.8224,48.8159,0,0,1699875695
1,119.359,3.29177,0,0,1699875695
1,51.8087,7.26781,0,0,1699875695
1,114.934,11.5405,0,0,1699875695
1,113.483,3.50177,0,0,1699875695
1,170.396,0.323634,0,0,1699875695
1,90.7545,1.8098,0,0,1699875695
1,86.1742,7.52252,0,0,1699875695
1,55.2321,1.13798,0,0,1699875695
1,107.208,36.3814,0,0,1699875695
1,103.102,7.06818,0,0,1699875695
1,114.632,35.8832,0,0,1699875695
1,110.613,8.03515,0,0,1699875695
1,112.233,17.9454,0,0,1699875695
1,97.4576,6.64581,0,0,1699875695
1,84.8013,10.9507,0,0,1699875695
1,56.0753,14.0107,0,0,1699875695
1,73.1058,1.78507,0,0,1699875695
1,123.348,5.83962,0,0,1699875695
1,57.5394,29.738,0,0,1699875695
1,56.9359,10.9962,0,0,1699875695
1,67.5095,39.414,0,0,1699875695
1,100.209,10.4916,0,0,1699875695
1,80.1105,3.25235,0,0,1699875695
1,99.9016,20.5745,0,0,1699875695
1,165.135,4.94014,0,0,1699875695
1,75.4278,23.8426,0,0,1699875695
1,55.0517,0.233016,0,0,1699875695
1,67.5898,4.91743,0,0,1699875695
1,155.571,3.28357,0,0,1699875695
1,87.9803,38.6793,0,0,1699875695
1,74.8042,4.81039,0,0,1699875695
1,106.224,36.8834,0,0,1699875695
1,83.1928,27.6578,0,0,1699875695
1,72.117,5.342,0,0,1699875695
1,76.2687,15.1323,0,0,1699875695
1,72.484,31.1061,0,0,1699875695
1,37.3322,19.4529,0,0,1699875695
1,125.888,6.49108,0,0,1699875695
1,61.88,9.06292,0,0,1699875695
1,62.2606,36.3602,0,0,1699875695
1,80.1109,7.17339,0,0,1699875695
1,84.1253,20.2152,0,0,1699875695
1,87.7497,14.6996,0,0,1699875695
1,66.0191,32.448,0,0,1699875695
1,60.7689,8.91666,0,0,1699875695
1,82.2759,11.5157,0,0,1699875695
1,65.0445,18.566,0,0,1699875695
1,79.5655,19.1639,0,0,1699875695
1,79.2183,18.575,0,0,1699875695
1,57.0707,8.58439,0,0,1699875695
1,104.57,0.486555,0,0,1699875695
1,140.42,44.792,0,0,1699875695
1,59.9778,19.1557,0,0,1699875695
1,76.7585,30.2499,0,0,1699875695
1,30.4169,11.6722,0,0,1699875695
1,82.5528,18.7799,0,0,1699875695
1,58.4873,30.1118,0,0,1699875695
1,55.3526,33.4225,0,0,1699875695
1,84.3519,33.3387,0,0,1699875695
1,65.363,8.64661,0,0,1699875695
1,69.4065,31.0386,0,0,1699875695
1,80.5764,10.0868,0,0,1699875695
1,78.5792,4.27065,0,0,1699875695
1,58.5712,5.41295,0,0,1699875695
1,110.262,2.80131,0,0,1699875695
1,97.425,46.9387,0,0,1699875695
1,133.879,32.3173,0,0,1699875695
1,52.5803,7.95955,0,0,1699875695
1,72.3951,7.56042,0,0,1699875695
1,47.8183,3.8058,0,0,1699875695
1,227.702,5.13965,0,0,1699875695
1,39.5428,14.9796,0,0,1699875695
1,81.6306,50.3429,0,0,1699875695
1,107.755,23.8129,0,0,1699875695
1,82.7811,9.78942,0,0,1699875695
1,129.276,9.53418,0,0,1699875695
1,81.6486,28.9482,0,0,1699875695
1,112.462,0.392884,0,0,1699875695
1,104.51,10.6993,0,0,1699875695
1,105.576,9.69098,0,0,1699875695
1,73.4308,31.5443,0,0,1699875695
1,92.543,11.91,0,0,1699875695
1,51.0261,2.83337,0,0,1699875695
1,68.0538,28.3535,0,0,1699875695
1,71.2383,26.5657,0,0,1699875695
1,149.281,35.1119,0,0,1699875695
1,67.3431,39.9823,0,0,1699875695
1,257.557,5.88223,0,0,1699875695
1,69.6895,12.5677,0,0,1699875695
1,85.9058,43.6779,0,0,1699875695
1,102.905,25.1849,0,0,1699875695
1,88.9858,5.98111,0,0,1699875695
1,109.477,26.9644,0,0,1699875695
1,90.9151,7.65137,0,0,1699875695
1,94.1375,24.4404,0,0,1699875695
1,56.4048,14.5771,0,0,1699875695
1,89.114,26.1005,0,0,1699875695
1,379.441,12.4186,0,0,1699875695
1,100.497,18.3275,0,0,1699875695
1,60.8967,4.34171,0,0,1699875695
1,75.4007,6.84558,0,0,1699875695
1,72.2062,2.39403,0,0,1699875695
1,192.501,29.3287,0,0,1699875695
1,61.4212,44.4622,0,0,1699875695
1,97.2456,60.6957,0,0,1699875695
1,412.268,17.6541,0,0,1699875695
1,91.7737,14.0411,0,0,1699875695
1,70.0286,14.7806,0,0,1699875695
1,98.733,7.19709,0,0,1699875695
1,98.3806,18.081,0,0,1699875695
1,56.0418,9.04853,0,0,1699875695
1,61.3067,32.6383,0,0,1699875695
1,68.0763,25.7559,0,0,1699875695
1,177.572,7.11229,0,0,1699875695
1,89.7446,32.1758,0,0,1699875695
1,89.1749,6.76224,0,0,1699875695
1,112.673,27.8081,0,0,1699875695
1,136.951,2.09633,0,0,1699875695
1,58.7495,53.8881,0,0,1699875695
1,49.7435,173.399,0,0,1699875695
1,71.6934,6.0018,0,0,1699875695
1,140.656,8.49753,0,0,1699875695
1,96.2315,22.3434,0,0,1699875695
1,86.0563,6.30248,0,0,1699875695
1,70.3997,14.4198,0,0,1699875695
1,57.593,4.82567,0,0,1699875695
1,87.0506,29.3866,0,0,1699875695
1,42.7208,9.17872,0,0,1699875695
1,92.775,9.44921,0,0,1699875695
1,26.635,0.832798,0,0,1699875695
1,89.3724,14.3076,0,0,1699875695
1,104.664,23.2895,0,0,1699875695
1,235.478,26.5803,0,0,1699875695
1,96.6926,62.0421,0,0,1699875695
1,58.4197,28.2339,0,0,1699875695
1,39.3185,51.7799,0,0,1699875695
1,61.965,0.16984,0,0,1699875695
1,37.1497,26.2587,0,0,1699875695
1,99.5382,8.50145,0,0,1699875695
1,90.7004,1.36483,0,0,1699875695
1,88.8468,18.0488,0,0,1699875695
1,144.981,21.4343,0,0,1699875695
1,52.0886,11.694,0,0,1699875695
1,76.2802,85.1964,0,0,1699875695
1,125.151,21.488,0,0,1699875695
1,77.6859,20.5984,0,0,1699875695
1,60.674,39.0438,0,0,1699875695
1,458.764,21.9784,0,0,1699875695
1,60.437,0.742351,0,0,1699875695
1,85.3089,6.15755,0,0,1699875695
1,89.8494,0.678796,0,0,1699875695
1,36.8167,122.588,0,0,1699875695
1,48.9181,15.0896,0,0,1699875695
1,127.079,65.8427,0,0,1699875695
1,64.1695,9.14511,0,0,1699875695
1,78.4468,4.66865,0,0,1699875695
1,60.4652,6.00979,0,0,1699875695
1,48.5649,0.699619,0,0,1699875695
1,64.4322,16.1858,0,0,1699875695
1,55.7854,21.4749,0,0,1699875695
1,83.1704,12.0377,0,0,1699875695
1,276.984,29.711,0,0,1699875695
1,58.9612,13.8317,0,0,1699875695
1,89.7119,15.9785,0,0,1699875695
1,81.9694,20.0792,0,0,1699875695
1,20.1623,9.60708,0,0,1699875695
1,75.6706,7.62588,0,0,1699875695
1,86.9256,12.6604,0,0,1699875695
1,112.784,14.7205,0,0,1699875695
1,45.039,28.7447,0,0,1699875695
1,81.4493,19.5485,0,0,1699875695
1,75.0341,0.411322,0,0,1699875695
1,118.359,9.50463,0,0,1699875695
1,116.983,20.3456,0,0,1699875695
1,92.232,13.4607,0,0,1699875695
1,68.1426,17.6049,0,0,1699875695
1,56.2266,1.48017,0,0,1699875695
1,103.923,2.73438,0,0,1699875695
1,80.4136,38.7569,0,0,1699875695
1,103.597,4.12417,0,0,1699875695
1,77.2726,10.781,0,0,1699875695
1,149.398,17.9687,0,0,1699875695
1,99.1546,9.11231,0,0,1699875695
1,83.2588,0.471486,0,0,1699875695
1,132.267,29.3244,0,0,1699875695
1,122.824,25.2318,0,0,1699875695
1,57.6001,1.79796,0,0,1699875695
1,95.7601,7.19589,0,0,1699875695
1,82.0457,8.92288,0,0,1699875695
1,133.789,3.70258,0,0,1699875695
1,66.7793,3.76297,0,0,1699875695
1,57.9494,2.91011,0,0,1699875695
1,61.9095,16.8327,0,0,1699875695
1,105.971,10.5422,0,0,1699875695
1,90.7494,6.43659,0,0,1699875695
1,91.2556,3.06245,0,0,1699875695
1,90.3699,7.4329,0,0,1699875695
1,94.6203,2.63209,0,0,1699875695
1,118.797,7.72928,0,0,1699875695
1,82.2676,8.57963,0,0,1699875695
1,93.908,2.41129,0,0,1699875695
1,104.53,19.5699,0,0,1699875695
1,84.9911,6.93132,0,0,1699875695
1,80.8017,2.50715,0,0,1699875695
1,88.3709,2.48255,0,0,1699875695
1,122.711,6.70312,0,0,1699875695
1,71.3871,11.4408,0,0,1699875695
1,72.9255,1.83569,0,0,1699875695
1,97.5404,9.91488,0,0,1699875695
1,75.7811,21.8997,0,0,1699875695
1,87.8569,1.60221,0,0,1699875695
1,95.6392,6.90288,0,0,1699875695
1,80.6286,1.94402,0,0,1699875695
1,89.1336,3.77638,0,0,1699875695
1,95.0937,2.15475,0,0,1699875695
1,80.0686,2.27888,0,0,1699875695
1,80.2421,22.2737,0,0,1699875695
1,90.7537,8.24782,0,0,1699875695
1,87.2507,6.30048,0,0,1699875695
1,85.7288,15.049,0,0,1699875695
1,87.8794,4.68054,0,0,1699875695
1,54.2086,19.7319,0,0,1699875695
1,90.2889,5.2973,0,0,1699875695
1,100.786,3.76743,0,0,1699875695
1,90.9402,24.6124,0,0,1699875695
1,93.1824,8.49477,0,0,1699875695
1,92.3893,13.8741,0,0,1699875695
1,89.6878,0.818647,0,0,1699875695
1,99.6212,1.68546,0,0,1699875695
1,89.054,19.7916,0,0,1699875695
1,82.6493,2.75407,0,0,1699875695
1,45.9469,21.6521,0,0,1699875695
1,75.4609,7.72231,0,0,1699875695
1,84.7367,4.69643,0,0,1699875695
1,84.4194,2.34603,0,0,1699875695
1,100.926,4.85042,0,0,1699875695
1,97.9409,22.7606,0,0,1699875695
1,55.6421,5.71452,0,0,1699875695
1,110.869,15.6276,0,0,1699875695
1,153.553,4.96833,0,0,1699875695
1,82.5783,6.24373,0,0,1699875695
1,99.2875,10.59,0,0,1699875695
1,95.2707,12.1597,0,0,1699875695
1,89.3821,1.34511,0,0,1699875695
1,81.5725,20.6701,0,0,1699875695
1,87.4487,2.49342,0,0,1699875695
1,80.3083,50.1588,0,0,1699875695
1,87.4005,9.36192,0,0,1699875695
1,86.1833,2.32199,0,0,1699875695
1,95.465,15.4572,0,0,1699875695
1,92.049,3.73024,0,0,1699875695
1,84.5777,0.124912,0,0,1699875695
1,90.0648,9.62146,0,0,1699875695
1,92.1318,3.68612,0,0,1699875695
1,97.2547,14.1214,0,0,1699875695
1,83.7407,1.3443,0,0,1699875695
1,68.7008,18.6985,0,0,1699875695
1,75.7886,6.08308,0,0,1699875695
1,83.6739,9.47798,0,0,1699875695
1,79.6607,8.95082,0,0,1699875695
1,93.5421,29.5971,0,0,1699875695
1,85.5884,2.70797,0,0,1699875695
1,94.8619,3.53252,0,0,1699875695
1,38.6674,4.1079,0,0,1699875695
1,86.8231,8.4493,0,0,1699875695
1,86.5822,14.074,0,0,1699875695
1,99.8758,6.61711,0,0,1699875695
1,67.6136,9.11322,0,0,1699875695
1,95.9782,4.67109,0,0,1699875695
1,84.1626,13.4205,0,0,1699875695
1,77.5869,2.44665,0,0,1699875695
1,171.708,10.2139,0,0,1699875695
1,69.1317,2.24688,0,0,1699875695
1,100.434,0.0115458,0,0,1699875695
1,80.0234,1.1555,0,0,1699875695
1,59.8981,5.50227,0,0,1699875695
1,82.2137,20.3408,0,0,1699875695
1,66.3714,14.1545,0,0,1699875696
1,87.9855,19.4002,0,0,1699875696
1,83.3002,11.835,0,0,1699875696
1,72.6919,6.77191,0,0,1699875696
1,113.107,21.1915,0,0,1699875696
1,66.0628,3.47482,0,0,1699875696
1,94.574,3.09586,0,0,1699875696
1,83.094,10.6424,0,0,1699875696
1,76.8357,0.250134,0,0,1699875696
1,81.9301,2.88139,0,0,1699875696
1,94.0311,8.10831,0,0,1699875696
1,81.4363,18.515,0,0,1699875696
1,101.58,10.9806,0,0,1699875696
1,72.3101,10.0686,0,0,1699875696
1,91.3552,8.57403,0,0,1699875696
1,83.6895,10.2711,0,0,1699875696